PLAYER,TEAM,POSITION,POINTS_FD,POINTS_DK,POINTS_YH,SALARY_FD,SALARY_DK,SALARY_YH,SLATE_MAIN,SLATE_THU_MON,SLATE_SUN_EARLY,SLATE_SUN_MON,SLATE_AFTERNOON,SLATE_SUN_TURBO,DIFF_DK,COLOR_DK,DIFF_FD,COLOR_FD,DIFF_YH,COLOR_YH
Dalvin Cook,MIN,RB,21.91,26.7,21.91,10500,9500,41,1,1,1,1,1,1,0,#FFA500,0.75,#FFB630,0,#FFA500
Derrick Henry,TEN,RB,21.96,25.83,21.96,10000,9200,34,1,1,1,1,1,1,0,#FFA500,0,#FFA500,0,#FFA500
Patrick Mahomes,KC,QB,24.28,24.47,24.28,,8200,40,1,1,1,1,1,1,1.25,#FFBF4B,,,0,#FFA500
Russell Wilson,SEA,QB,22.94,23.18,22.94,9000,7700,37,1,1,1,1,1,1,1.5,#FFC55B,0.25,#FFAA10,0.25,#FFAA0F
Deshaun Watson,HOU,QB,21.34,21.59,21.34,8200,7500,31,1,1,1,1,1,1,2.5,#FFDA97,0,#FFA500,0.25,#FFAA0F
Kyler Murray,ARI,QB,21.37,21.53,21.37,8700,7600,36,1,1,1,1,1,1,2.75,#FFDFA6,1.5,#FFC760,2,#FFD27F
Justin Herbert,LAC,QB,20.36,20.54,20.36,7900,6900,36,1,1,1,1,1,1,1.75,#FFCA6A,0.25,#FFAA10,3,#FFE8BF
Davante Adams,GB,WR,16.08,19.72,16.08,9500,9000,39,1,1,1,1,1,1,4.75,#F9F9FD,3,#FFE9C1,4,#FFFFFF
Aaron Rodgers,GB,QB,19.45,19.56,19.45,8500,6800,32,1,1,1,1,1,1,2.25,#FFD588,2.25,#FFD891,2.25,#FFD78F
Kirk Cousins,MIN,QB,19.27,19.47,19.27,7300,6400,30,1,1,1,1,1,1,1.25,#FFBF4B,0.25,#FFAA10,2.25,#FFD78F
Austin Ekeler,LAC,RB,16.76,19.37,16.76,7000,7100,27,1,1,1,1,1,1,0.5,#FFAF1E,0,#FFA500,0.75,#FFB52F
Derek Carr,LV,QB,19.1,19.37,19.1,7200,5800,29,1,1,1,1,1,1,0,#FFA500,0.5,#FFB020,2.5,#FFDD9F
Taysom Hill,NO,QB,19.13,19.37,19.13,7700,6300,28,1,1,1,1,1,1,1.25,#FFBF4B,0.75,#FFB630,0.75,#FFB52F
Cam Newton,NE,QB,18.85,19.03,18.85,7500,5800,29,1,1,1,1,1,1,0.5,#FFAF1E,1,#FFBB40,2.75,#FFE2AF
Tyreek Hill,KC,WR,16.12,19.01,16.12,,9100,34,1,1,1,1,1,1,6,#EDEDFB,,,2.25,#FFD78F
Ryan Tannehill,TEN,QB,18.77,18.98,18.77,7800,6200,30,1,1,1,1,1,1,1.75,#FFCA6A,1.75,#FFCC70,2.75,#FFE2AF
Jared Goff,LA,QB,18.37,18.7,18.37,7200,5800,27,1,1,1,1,1,1,0.75,#FFB52D,1.25,#FFC150,1.5,#FFC65F
Mitchell Trubisky,CHI,QB,18.12,18.34,18.12,6900,5400,22,1,1,1,1,1,1,0.75,#FFB52D,0.5,#FFB020,1.5,#FFC65F
Keenan Allen,LAC,WR,14.67,18.33,14.67,8100,8100,30,1,1,1,1,1,1,4,#FFFAF2,1.5,#FFC760,2.25,#FFD78F
Alvin Kamara,NO,RB,16.05,18.31,16.05,7500,7000,36,1,1,1,1,1,1,1.5,#FFC55B,0.5,#FFB020,4.25,#FCFCFE
Ben Roethlisberger,PIT,QB,18.01,18.17,18.01,,6500,33,1,1,1,1,1,1,3.5,#FFF0D4,,,3.75,#FFF9EF
DeAndre Hopkins,ARI,WR,14.67,18.08,14.67,8000,7800,27,1,1,1,1,1,1,3.5,#FFF0D4,1.25,#FFC150,1.25,#FFC14F
Philip Rivers,IND,QB,17.67,17.8,17.67,7000,5900,23,1,1,1,1,1,1,1.75,#FFCA6A,1,#FFBB40,2,#FFD27F
James Robinson,JAC,RB,15.68,17.57,15.68,7800,7300,30,1,1,1,1,1,1,3,#FFE5B6,2,#FFD281,3,#FFE8BF
Andy Dalton,DAL,QB,17.2,17.37,17.2,,,22,0,1,1,1,1,1,,,,,2.25,#FFD78F
D.K. Metcalf,SEA,WR,14.52,17.33,14.52,8500,8200,31,1,1,1,1,1,1,5.25,#F4F4FD,2.75,#FFE3B1,2.75,#FFE2AF
Travis Kelce,KC,TE,14.01,17.21,14.01,,7300,32,1,1,1,1,1,1,3.25,#FFEAC5,,,1.5,#FFC65F
Aaron Jones,GB,RB,15.48,17.17,15.48,8400,7200,31,1,1,1,1,1,1,3.25,#FFEAC5,3.25,#FFEFD1,3.25,#FFEECF
Nick Mullens,SF,QB,16.86,16.98,16.86,,5400,24,1,1,1,1,1,1,2.25,#FFD588,,,3,#FFE8BF
Adam Thielen,MIN,WR,14.02,16.93,14.02,7800,7300,33,1,1,1,1,1,1,3.5,#FFF0D4,1.25,#FFC150,3.75,#FFF9EF
Tyler Lockett,SEA,WR,13.71,16.77,13.71,7900,7400,29,1,1,1,1,1,1,4.25,#FEFEFE,2,#FFD281,2.5,#FFDD9F
Mike Glennon,JAC,QB,16.48,16.66,16.48,6800,4800,21,1,1,1,1,1,1,0.5,#FFAF1E,2,#FFD281,2.25,#FFD78F
Carson Wentz,PHI,QB,16.19,16.59,16.19,7300,5400,30,1,1,1,1,1,1,2.5,#FFDA97,3.5,#FFF4E1,5.25,#F1F1FC
Baker Mayfield,CLE,QB,16.41,16.55,16.41,7100,5300,23,1,1,1,1,1,1,2.25,#FFD588,2.25,#FFD891,3.25,#FFEECF
Matthew Stafford,DET,QB,16.36,16.54,16.36,6800,5700,26,1,1,1,1,1,1,3,#FFE5B6,2.25,#FFD891,3.5,#FFF3DF
Michael Thomas,NO,WR,13.29,16.5,13.29,7200,7000,28,1,1,1,1,1,1,3,#FFE5B6,0.5,#FFB020,2.75,#FFE2AF
Allen Robinson,CHI,WR,13.34,16.45,13.34,6900,6700,27,1,1,1,1,1,1,2.25,#FFD588,0,#FFA500,2.5,#FFDD9F
Matt Ryan,ATL,QB,16.22,16.37,16.22,7400,5600,27,1,1,1,1,1,1,3,#FFE5B6,3.5,#FFF4E1,3.5,#FFF3DF
Darren Waller,LV,TE,12.81,15.93,12.81,7000,6100,25,1,1,1,1,1,1,1.25,#FFBF4B,0,#FFA500,0.25,#FFAA0F
A.J. Brown,TEN,WR,13.36,15.9,13.36,8200,7600,25,1,1,1,1,1,1,5,#F7F7FD,3,#FFE9C1,1.5,#FFC65F
Justin Jefferson,MIN,WR,13.31,15.9,13.31,7700,6900,26,1,1,1,1,1,1,3.5,#FFEFD4,1.75,#FFCC70,2.25,#FFD78F
Brandin Cooks,HOU,WR,13.07,15.81,13.07,6500,5600,18,1,1,1,1,1,1,0,#FFA500,0.25,#FFAA10,0,#FFA500
Terry McLaurin,WSH,WR,12.94,15.81,12.94,,6800,26,1,1,1,1,1,1,3.5,#FFF0D4,,,2.5,#FFDD9F
Devontae Booker,LV,RB,14.27,15.8,14.27,6000,5500,12,1,1,1,1,1,1,0,#FFA500,0,#FFA500,0,#FFA500
Deebo Samuel,SF,WR,12.93,15.64,12.93,,6300,22,1,1,1,1,1,1,2,#FFCF79,,,1,#FFBB3F
Miles Sanders,PHI,RB,13.96,15.63,13.96,7200,6700,24,1,1,1,1,1,1,3.75,#FFF5E3,2.5,#FFDDA1,2.75,#FFE2AF
Robert Woods,LA,WR,12.73,15.58,12.73,7100,5900,27,1,1,1,1,1,1,0.999999999999998,#FFBA3C,1,#FFBB40,3,#FFE8BF
Calvin Ridley,ATL,WR,12.76,15.56,12.76,8400,7200,29,1,1,1,1,1,1,4.25,#FEFEFE,3.75,#FFFAF2,3.5,#FFF3DF
Sam Darnold,NYJ,QB,15.14,15.35,15.14,6500,5000,21,1,1,1,1,1,1,3,#FFE5B6,2.5,#FFDDA1,3.5,#FFF3DF
Cooper Kupp,LA,WR,12.37,15.31,12.37,6600,6100,26,1,1,1,1,1,1,1.75,#FFCA6A,0.25,#FFAA10,3,#FFE8BF
Drew Lock,DEN,QB,15.09,15.25,15.09,,5000,21,1,1,0,1,1,1,3,#FFE5B6,,,3.5,#FFF3DF
Julio Jones,ATL,WR,12.26,15.15,12.26,8000,6600,31,1,1,1,1,1,1,3,#FFE5B6,3.75,#FFFAF2,5,#F4F4FD
Brandon Allen,CIN,QB,14.83,14.98,14.83,6000,4800,20,1,1,1,1,1,1,2,#FFCF79,2.5,#FFDDA1,3.5,#FFF3DF
Colt McCoy,NYG,QB,14.21,14.5,14.21,6500,4800,20,1,1,1,1,1,1,2.5,#FFDA97,3.5,#FFF4E1,4,#FFFFFF
Chris Carson,SEA,RB,12.82,14.41,12.82,8000,6300,25,1,1,1,1,1,1,3.75,#FFF5E3,4.75,#F6F6FD,4.25,#FCFCFE
Antonio Gibson,WSH,RB,12.87,14.35,12.87,,6800,19,1,1,1,1,1,1,5,#F6F6FD,,,2.5,#FFDD9F
Wayne Gallman,NYG,RB,13.03,14.26,13.03,6100,5600,,1,1,1,1,1,1,1.75,#FFCA6A,1.5,#FFC760,,
Diontae Johnson,PIT,WR,11.41,14.16,11.41,,6500,24,1,1,1,1,1,1,4,#FFFAF2,,,3,#FFE8BF
D.J. Chark,JAC,WR,11.39,14.11,11.39,6300,5400,20,1,1,1,1,1,1,1.75,#FFCA6A,0.5,#FFB020,1.75,#FFCC6F
David Montgomery,CHI,RB,12.7,14.04,12.7,6200,5500,17,1,1,1,1,1,1,2,#FFCF79,1.75,#FFCC70,2.25,#FFD78F
Clyde Edwards-Helaire,KC,RB,12.86,14.02,12.86,,6100,25,1,1,1,1,1,1,3,#FFE5B6,,,4.25,#FCFCFE
DeVante Parker,MIA,WR,11.6,13.98,11.6,6800,6400,23,1,1,1,1,1,1,4.25,#FEFEFE,1.25,#FFC150,2.5,#FFDD9F
Jarvis Landry,CLE,WR,11.37,13.91,11.37,6000,6200,14,1,1,1,1,1,1,3.25,#FFEAC5,0,#FFA500,0,#FFA500
Alex Smith,WSH,QB,13.69,13.82,13.69,,5100,20,1,1,1,1,1,1,4.5,#FCFCFE,,,4.5,#F9F9FE
Ezekiel Elliott,DAL,RB,12.01,13.65,12.01,,,28,0,1,1,1,1,1,,,,,5.5,#EFEFFC
Nick Chubb,CLE,RB,12.95,13.6,12.95,8700,7700,30,1,1,1,1,1,1,8,#D9D9F7,5.75,#EBEBFB,5.75,#ECECFB
Amari Cooper,DAL,WR,10.71,13.45,10.71,,,21,0,1,1,1,1,1,,,,,3.25,#FFEECF
Giovani Bernard,CIN,RB,11.77,13.43,11.77,5800,5200,13,1,1,1,1,1,1,2.5,#FFDA97,1.75,#FFCC70,2,#FFD27F
Raheem Mostert,SF,RB,12.34,13.4,12.34,,6200,25,1,1,1,1,1,1,4.25,#FEFEFE,,,4.75,#F7F7FD
Marvin Jones,DET,WR,10.92,13.31,10.92,6000,5700,13,1,1,1,1,1,1,2.5,#FFDA97,0.5,#FFB020,0,#FFA500
David Johnson,HOU,RB,11.75,12.99,11.75,6200,5400,19,1,1,1,1,1,1,3,#FFE5B6,2.75,#FFE3B1,3.75,#FFF9EF
Kenyan Drake,ARI,RB,11.96,12.87,11.96,6600,5700,19,1,1,1,1,1,1,3.75,#FFF5E3,3.5,#FFF4E1,3.5,#FFF3DF
Tee Higgins,CIN,WR,10.41,12.71,10.41,6400,4600,17,1,1,1,1,1,1,0.75,#FFB52D,1.5,#FFC760,2,#FFD27F
Jakobi Meyers,NE,WR,10.21,12.7,10.21,5900,5500,17,1,1,1,1,1,1,3.25,#FFEAC5,1.25,#FFC150,2.25,#FFD78F
JuJu Smith-Schuster,PIT,WR,10.22,12.69,10.22,,5800,23,1,1,1,1,1,1,4,#FFFAF2,,,3.75,#FFF9EF
Chase Claypool,PIT,WR,10.38,12.52,10.38,,6300,27,1,1,1,1,1,1,5.25,#F4F4FD,,,5.5,#EFEFFC
CeeDee Lamb,DAL,WR,10.04,12.5,10.04,,,16,0,1,1,1,1,1,,,,,1.75,#FFCC6F
Lamar Jackson,BAL,QB,12.3,12.45,12.3,,,31,1,0,1,1,1,1,,,,,9.25,#C7C7F4
Denzel Mims,NYJ,WR,9.9,12.35,9.9,5500,4100,14,1,1,1,1,1,1,0,#FFA500,0.25,#FFAA10,1.25,#FFC14F
Tyler Boyd,CIN,WR,9.78,12.27,9.78,6600,4700,16,1,1,1,1,1,1,1.25,#FFBF4B,3,#FFE9C1,2,#FFD27F
Nyheim Hines,IND,RB,10.39,12.12,10.39,6400,5300,20,1,1,1,1,1,1,3.75,#FFF5E3,4.25,#FBFBFE,5.25,#F1F1FC
Sterling Shepard,NYG,WR,9.52,12.08,9.52,5600,5300,20,1,1,1,1,1,1,3.75,#FFF5E3,0.75,#FFB630,3.5,#FFF3DF
Jerry Jeudy,DEN,WR,9.7,11.93,9.7,,4600,15,1,1,0,1,1,1,1.5,#FFC55B,,,1.75,#FFCC6F
Marquise Brown,BAL,WR,9.72,11.81,9.72,,,16,1,0,1,1,1,1,,,,,2,#FFD27F
Michael Pittman Jr.,IND,WR,9.64,11.79,9.64,5600,4900,18,1,1,1,1,1,1,2.75,#FFDFA6,0.75,#FFB630,3,#FFE8BF
Jonathan Taylor,IND,RB,10.7,11.74,10.7,6400,5700,24,1,1,1,1,1,1,5,#F6F6FD,4,#FEFEFE,6,#EAEAFB
Corey Davis,TEN,WR,9.53,11.68,9.53,6100,5100,20,1,1,1,1,1,1,3,#FFE5B6,2,#FFD281,3.5,#FFF3DF
T.Y. Hilton,IND,WR,9.55,11.66,9.55,5600,4300,16,1,1,1,1,1,1,1.5,#FFC55B,0.75,#FFB630,2.25,#FFD78F
Hunter Henry,LAC,TE,9.33,11.53,9.33,6000,4800,16,1,1,1,1,1,1,2.5,#FFDA97,1.25,#FFC150,0.5,#FFB01F
Mike Williams,LAC,WR,9.66,11.4,9.66,5800,4800,19,1,1,1,1,1,1,2.75,#FFDFA6,1,#FFBB40,3,#FFE8BF
Keke Coutee,HOU,WR,9.21,11.39,9.21,4800,3500,10,1,1,1,1,1,1,0,#FFA500,0,#FFA500,0.25,#FFAA0F
Kareem Hunt,CLE,RB,9.96,11.32,9.96,6300,5400,26,1,1,1,1,1,1,4.5,#FCFCFE,4.75,#F6F6FD,7.5,#DADAF8
Jamison Crowder,NYJ,WR,8.94,11.24,8.94,6200,5100,16,1,1,1,1,1,1,3.5,#FFF0D4,2.75,#FFE3B1,2.75,#FFE2AF
Myles Gaskin,MIA,RB,10.32,11.24,10.32,5500,5900,17,1,1,1,1,1,1,5.75,#EFEFFC,2.25,#FFD891,4.75,#F7F7FD
Damiere Byrd,NE,WR,8.98,11.19,8.98,5300,3900,14,1,1,1,1,1,1,1.25,#FFBF4B,1,#FFBB40,2.25,#FFD78F
Brandon Aiyuk,SF,WR,9.12,11.06,9.12,,5400,16,1,1,1,1,1,1,4.75,#F9F9FD,,,2.5,#FFDD9F
Evan Engram,NYG,TE,8.8,11,8.8,6000,4900,16,1,1,1,1,1,1,3,#FFE5B6,1.75,#FFCC70,1,#FFBB3F
Nelson Agholor,LV,WR,9.05,11,9.05,5400,5200,17,1,1,1,1,1,1,4.25,#FEFEFE,1,#FFBB40,3.5,#FFF3DF
Michael Gallup,DAL,WR,8.9,10.9,8.9,,,12,0,1,1,1,1,1,,,,,2.25,#FFD78F
Jamaal Williams,GB,RB,9.79,10.83,9.79,5200,6100,18,1,1,1,1,1,1,6.25,#EAEAFB,2.75,#FFE3B1,5.25,#F1F1FC
T.J. Hockenson,DET,TE,8.64,10.7,8.64,6100,5000,21,1,1,1,1,1,1,4,#FFFAF2,2.5,#FFDDA1,2.75,#FFE2AF
James White,NE,RB,8.49,10.49,8.49,5700,5000,17,1,1,1,1,1,1,5,#F7F7FD,5,#F3F3FC,6.5,#E4E4FA
Keelan Cole,JAC,WR,8.35,10.41,8.35,5300,,,1,1,1,1,1,1,,,1.5,#FFC760,,
James Conner,PIT,RB,9.17,10.29,9.17,,6200,21,1,1,1,1,1,1,7.5,#DEDEF8,,,6.75,#E2E2F9
Breshad Perriman,NYJ,WR,8.38,10.18,8.38,5900,3900,16,1,1,1,1,1,1,2.25,#FFD588,3,#FFE9C1,3.25,#FFEECF
Laviska Shenault,JAC,WR,8.22,10.18,8.22,5200,3600,15,1,1,1,1,1,1,1.25,#FFBF4B,1.5,#FFC760,3.25,#FFEECF
Trace McSorley,BAL,QB,9.99,10.18,9.99,,,20,1,0,1,1,1,1,,,,,8.25,#D2D2F6
Tim Patrick,DEN,WR,8.24,10.17,8.24,,4200,15,1,1,0,1,1,1,2.25,#FFD588,,,3.25,#FFEECF
Seattle D/ST,SEA,DST,10.14,10.14,10.14,4700,3300,15,1,1,1,1,1,1,0,#FFA500,0.25,#FFAA10,0,#FFA500
Miami D/ST,MIA,DST,10.13,10.13,10.13,4900,4400,21,1,1,1,1,1,1,3,#FFE5B6,0.5,#FFB020,1.75,#FFCC6F
Austin Hooper,CLE,TE,8.17,10.12,8.17,5300,3800,17,1,1,1,1,1,1,1,#FFBA3C,1,#FFBB40,2,#FFD27F
Damien Harris,NE,RB,9.85,10.06,9.85,5900,5200,21,1,1,1,1,1,1,5.75,#EFEFFC,4,#FEFEFE,6.25,#E7E7FA
Frank Gore,NYJ,RB,9.34,10.02,9.34,5300,4400,14,1,1,1,1,1,1,4.5,#FCFCFE,3.25,#FFEFD1,4.25,#FCFCFE
Kyle Rudolph,MIN,TE,8.21,10.01,8.21,5000,3400,12,1,1,1,1,1,1,0,#FFA500,0.25,#FFAA10,0,#FFA500
Christian Kirk,ARI,WR,8.05,9.99,8.05,5800,5200,15,1,1,1,1,1,1,5.25,#F4F4FD,2.75,#FFE3B1,3.25,#FFEECF
Hunter Renfrow,LV,WR,8.14,9.97,8.14,5400,4300,16,1,1,1,1,1,1,3,#FFE5B6,2,#FFD281,3.5,#FFF3DF
Dallas Goedert,PHI,TE,7.89,9.91,7.89,6200,4300,18,1,1,1,1,1,1,3,#FFE5B6,3.25,#FFEFD1,2.25,#FFD78F
Josh Reynolds,LA,WR,8.11,9.88,8.11,5500,4200,14,1,1,1,1,1,1,2.5,#FFDA97,2,#FFD281,3,#FFE8BF
Darius Slayton,NYG,WR,8.07,9.87,8.07,5700,4600,16,1,1,1,1,1,1,3.75,#FFF5E3,2.5,#FFDDA1,3.75,#FFF9EF
J.K. Dobbins,BAL,RB,8.88,9.86,8.88,,,18,1,0,1,1,1,1,,,,,6.25,#E7E7FA
Melvin Gordon,DEN,RB,8.76,9.82,8.76,,5100,19,1,1,0,1,1,1,5.75,#EFEFFC,,,6.75,#E2E2F9
Noah Fant,DEN,TE,7.82,9.75,7.82,,4000,14,1,1,0,1,1,1,2.5,#FFDA97,,,1.75,#FFCC6F
Travis Fulgham,PHI,WR,7.74,9.55,7.74,6300,5200,25,1,1,1,1,1,1,5.75,#EFEFFC,4,#FEFEFE,7.25,#DCDCF8
Anthony Miller,CHI,WR,7.61,9.46,7.61,4900,3100,12,1,1,1,1,1,1,0.5,#FFAF1E,1.5,#FFC760,3.5,#FFF3DF
Dez Bryant,BAL,WR,7.97,9.44,7.97,,,13,1,0,1,1,1,1,,,,,3,#FFE8BF
Jordan Reed,SF,TE,7.4,9.32,7.4,,3200,12,1,1,1,1,1,1,0.75,#FFB52D,,,1,#FFBB3F
Tua Tagovailoa,MIA,QB,9.19,9.28,9.19,6700,5900,23,1,1,1,1,1,1,10.25,#C2C2F3,9.5,#C3C3F3,10.5,#BABAF1
Danny Amendola,DET,WR,7.41,9.24,7.41,5000,3700,10,1,1,1,1,1,1,2.75,#FFDFA6,1.75,#FFCC70,2,#FFD27F
Hayden Hurst,ATL,TE,7.34,9.2,7.34,5600,4000,14,1,1,1,1,1,1,3,#FFE5B6,2.25,#FFD891,2.25,#FFD78F
Sammy Watkins,KC,WR,7.55,9.17,7.55,,4800,14,1,1,1,1,1,1,5,#F7F7FD,,,3.5,#FFF3DF
Jalen Reagor,PHI,WR,7.35,9.12,7.35,5500,4500,20,1,1,1,1,1,1,4.25,#FEFEFE,2.75,#FFE3B1,5.75,#ECECFB
Dalton Schultz,DAL,TE,7.14,9.09,7.14,,,13,0,1,1,1,1,1,,,,,1.25,#FFC14F
Ryan Fitzpatrick,MIA,QB,9,9.09,9,7400,6000,25,1,1,1,1,1,1,11,#BABAF1,10.5,#B8B8F1,10.75,#B7B7F0
Darnell Mooney,CHI,WR,7.31,9.06,7.31,5100,3400,11,1,1,1,1,1,1,2,#FFCF79,2.25,#FFD891,2.5,#FFDD9F
Chase Edmonds,ARI,RB,7.47,9.05,7.47,5500,4900,15,1,1,1,1,1,1,6.5,#E8E8FA,5.25,#F1F1FC,6.25,#E7E7FA
Green Bay D/ST,GB,DST,9.02,9.02,9.02,4100,3800,17,1,1,1,1,1,1,2.25,#FFD588,0,#FFA500,1.75,#FFCC6F
Eric Ebron,PIT,TE,7.27,8.99,7.27,,4400,17,1,1,1,1,1,1,3.75,#FFF5E3,,,3,#FFE8BF
Allen Lazard,GB,WR,7.36,8.97,7.36,5600,5000,16,1,1,1,1,1,1,5.5,#F2F2FC,3,#FFE9C1,4.25,#FCFCFE
Carlos Hyde,SEA,RB,7.92,8.92,7.92,5700,5300,20,1,1,1,1,1,1,7,#E3E3F9,5.75,#EBEBFB,7.75,#D7D7F7
Jordan Akins,HOU,TE,7.15,8.85,7.15,5200,2900,10,1,1,1,1,1,1,0.5,#FFAF1E,2,#FFD281,1.25,#FFC14F
Phillip Lindsay,DEN,RB,7.99,8.81,7.99,,4200,17,1,1,0,1,1,1,4.5,#FCFCFE,,,7,#DFDFF9
J.D. McKissic,WSH,RB,6.8,8.67,6.8,,4400,13,1,1,1,1,1,1,5.75,#EFEFFC,,,7,#DFDFF9
Devin Duvernay,BAL,WR,7.05,8.59,7.05,,,10,1,0,1,1,1,1,,,,,2.25,#FFD78F
Pittsburgh D/ST,PIT,DST,8.52,8.52,8.52,,4300,21,1,1,1,1,1,1,4,#FFFAF2,,,3.25,#FFEECF
N'Keal Harry,NE,WR,6.76,8.4,6.76,5100,3000,10,1,1,1,1,1,1,1.5,#FFC55B,2.75,#FFE3B1,2.5,#FFDD9F
Henry Ruggs,LV,WR,6.97,8.35,6.97,5400,4500,14,1,1,1,1,1,1,5,#F7F7FD,3.25,#FFEFD1,4.25,#FCFCFE
A.J. Green,CIN,WR,6.8,8.34,6.8,5200,3100,10,1,1,1,1,1,1,1.75,#FFCA6A,3,#FFE9C1,2.5,#FFDD9F
Larry Fitzgerald,ARI,WR,6.48,8.28,6.48,5000,3600,10,1,1,1,1,1,1,3.25,#FFEAC5,2.5,#FFDDA1,3,#FFE8BF
Las Vegas D/ST,LV,DST,8.27,8.27,8.27,4400,3400,10,1,1,1,1,1,1,2,#FFCF79,1.25,#FFC150,0.25,#FFAA0F
Mike Gesicki,MIA,TE,6.76,8.27,6.76,5700,4200,15,1,1,1,1,1,1,4.5,#FCFCFE,3,#FFE9C1,3,#FFE8BF
Golden Tate,NYG,WR,6.55,8.26,6.55,5200,3800,14,1,1,1,1,1,1,3.75,#FFF5E3,3.25,#FFEFD1,4.5,#F9F9FE
Patrick Laird,MIA,RB,7.57,8.25,7.57,4800,4000,10,1,1,1,1,1,1,5,#F7F7FD,4,#FEFEFE,6,#EAEAFB
Jerick McKinnon,SF,RB,7.11,8.23,7.11,,4200,13,1,1,1,1,1,1,5,#F7F7FD,,,6.5,#E4E4FA
Darrell Henderson,LA,RB,7.62,8.17,7.62,5600,4300,17,1,1,1,1,1,1,5.75,#EFEFFC,5.5,#EEEEFB,7.5,#DADAF8
Rashard Higgins,CLE,WR,6.66,8.14,6.66,5400,4000,12,1,1,1,1,1,1,4.25,#FEFEFE,3.5,#FFF4E1,4.5,#F9F9FE
Latavius Murray,NO,RB,7.54,8.12,7.54,5800,5900,17,1,1,1,1,1,1,8.75,#D1D1F6,6,#E9E9FA,7.5,#DADAF8
Zach Pascal,IND,WR,6.55,7.97,6.55,4800,3500,13,1,1,1,1,1,1,3,#FFE5B6,2.5,#FFDDA1,4.5,#F9F9FE
Trey Burton,IND,TE,6.44,7.92,6.44,5500,3500,14,1,1,1,1,1,1,2.25,#FFD588,3.25,#FFEFD1,3.25,#FFEECF
Adam Humphries,TEN,WR,6.14,7.82,6.14,4900,3200,12,1,1,1,1,1,1,2.75,#FFDFA6,3,#FFE9C1,5,#F4F4FD
Todd Gurley,ATL,RB,7.13,7.73,7.13,6600,5300,20,1,1,1,1,1,1,8.25,#D6D6F7,8.5,#CECEF5,8.5,#CFCFF5
Le'Veon Bell,KC,RB,6.86,7.7,6.86,,4400,14,1,1,1,1,1,1,6.75,#E5E5FA,,,6.75,#E2E2F9
Kansas City D/ST,KC,DST,7.68,7.68,7.68,,3700,21,1,1,1,1,1,1,3.5,#FFF0D4,,,4.25,#FCFCFE
Robert Tonyan,GB,TE,6.22,7.66,6.22,5900,3700,19,1,1,1,1,1,1,3.5,#FFF0D4,4,#FEFEFE,5,#F4F4FD
Minnesota D/ST,MIN,DST,7.63,7.63,7.63,4300,3500,13,1,1,1,1,1,1,3.25,#FFEAC5,1.75,#FFCC70,2.5,#FFDD9F
Anthony Firkser,TEN,TE,6.14,7.6,6.14,4600,2500,14,1,1,1,1,1,1,1.25,#FFBF4B,1.75,#FFCC70,3.5,#FFF3DF
Emmanuel Sanders,NO,WR,6.17,7.59,6.17,5300,4700,16,1,1,1,1,1,1,6,#EDEDFB,3.75,#FFFAF2,5.5,#EFEFFC
Baltimore D/ST,BAL,DST,7.58,7.58,7.58,,,21,1,0,1,1,1,1,,,,,4.25,#FCFCFE
Jalen Richard,LV,RB,6.86,7.55,6.86,4500,4000,10,1,1,1,1,1,1,5.75,#EFEFFC,4.25,#FBFBFE,6.5,#E4E4FA
Brian Hill,ATL,RB,6.68,7.42,6.68,5800,4800,16,1,1,1,1,1,1,8,#D9D9F7,6.75,#E1E1F9,7.5,#DADAF8
Tyler Higbee,LA,TE,6.1,7.42,6.1,5100,3400,12,1,1,1,1,1,1,2.75,#FFDFA6,2.5,#FFDDA1,2.25,#FFD78F
Logan Thomas,WSH,TE,5.8,7.32,5.8,,3400,12,1,1,1,1,1,1,2.75,#FFDFA6,,,2.5,#FFDD9F
David Moore,SEA,WR,6.07,7.31,6.07,5000,3400,11,1,1,1,1,1,1,3.75,#FFF5E3,3,#FFE9C1,3.75,#FFF9EF
Cam Akers,LA,RB,6.88,7.29,6.88,5600,4500,16,1,1,1,1,1,1,7.25,#E0E0F9,6.25,#E6E6FA,7.25,#DCDCF8
D'Andre Swift,DET,RB,6.31,7.11,6.31,6800,6500,18,1,1,1,1,1,1,11,#BABAF1,9.25,#C6C6F3,8.75,#CCCCF5
Zach Ertz,PHI,TE,5.56,7.09,5.56,5700,3900,15,1,1,1,1,1,1,4,#FFFAF2,4.25,#FBFBFE,4,#FFFFFE
Isaiah Coulter,HOU,WR,5.7,7.06,5.7,4500,3000,10,1,1,1,1,1,1,2.75,#FFDFA6,2.75,#FFE3B1,3.75,#FFF9EF
Mohamed Sanu,DET,WR,5.57,7.03,5.57,4900,3000,10,1,1,1,1,1,1,3,#FFE5B6,3.5,#FFF4E1,3.75,#FFF9EF
Chicago D/ST,CHI,DST,6.98,6.98,6.98,4200,3100,16,1,1,1,1,1,1,3.25,#FFEAC5,2.25,#FFD891,3.25,#FFEECF
Detroit D/ST,DET,DST,6.98,6.98,6.98,3500,2500,11,1,1,1,1,1,1,2,#FFCF79,0.5,#FFB020,1.5,#FFC65F
New Orleans D/ST,NO,DST,6.98,6.98,6.98,4800,3600,20,1,1,1,1,1,1,4,#FFFAF2,3.5,#FFF4E1,4.75,#F7F7FD
Jimmy Graham,CHI,TE,5.54,6.89,5.54,5400,3600,13,1,1,1,1,1,1,4.25,#FEFEFE,4,#FEFEFE,2.75,#FFE2AF
Russell Gage,ATL,WR,5.41,6.89,5.41,5200,4500,12,1,1,1,1,1,1,6.5,#E8E8FA,4.25,#FBFBFE,5.75,#ECECFB
Tyler Eifert,JAC,TE,5.46,6.89,5.46,4700,3000,12,1,1,1,1,1,1,3,#FFE5B6,2.5,#FFDDA1,3,#FFE8BF
Adrian Peterson,DET,RB,6.48,6.88,6.48,5600,4900,15,1,1,1,1,1,1,8.75,#D1D1F6,6.5,#E3E3F9,7.25,#DCDCF8
Jakeem Grant,MIA,WR,5.46,6.83,5.46,4800,3500,11,1,1,1,1,1,1,4.25,#FEFEFE,3.5,#FFF4E1,4.25,#FCFCFE
Atlanta D/ST,ATL,DST,6.78,6.78,6.78,3500,2400,10,1,1,1,1,1,1,1.75,#FFCA6A,0.75,#FFB630,1.75,#FFCC6F
San Francisco D/ST,SF,DST,6.78,6.78,6.78,,2500,13,1,1,1,1,1,1,2,#FFCF79,,,3.5,#FFF3DF
Duke Johnson,HOU,RB,5.63,6.71,5.63,6000,5800,14,1,1,1,1,1,1,10,#C4C4F3,8.75,#CBCBF5,8,#D5D5F7
Indianapolis D/ST,IND,DST,6.54,6.54,6.54,4600,3000,18,1,1,1,1,1,1,3.5,#FFF0D4,3.25,#FFEFD1,5,#F4F4FD
Harrison Bryant,CLE,TE,5.3,6.52,5.3,4500,2500,10,1,1,1,1,1,1,2.25,#FFD588,2.25,#FFD891,3,#FFE8BF
Los Angeles Chargers D/ST,LAC,DST,6.47,6.47,6.47,3900,2600,13,1,1,1,1,1,1,2.5,#FFDA97,2,#FFD281,3.75,#FFF9EF
Marquez Valdes-Scantling,GB,WR,5.35,6.37,5.35,5700,4400,15,1,1,1,1,1,1,6.75,#E5E5FA,5.25,#F1F1FC,6,#EAEAFB
Cordarrelle Patterson,CHI,WR,5.72,6.36,5.72,5500,3600,15,1,1,1,1,1,1,5.25,#F4F4FD,4.5,#F9F9FD,5.75,#ECECFB
Greg Ward,PHI,WR,4.97,6.35,4.97,4900,3400,16,1,1,1,1,1,1,4.75,#F9F9FD,4,#FEFEFE,6.75,#E2E2F9
K.J. Hamler,DEN,WR,5.17,6.34,5.17,,3000,11,1,1,0,1,1,1,3.5,#FFF0D4,,,4.75,#F7F7FD
Chris Conley,JAC,WR,5.08,6.28,5.08,4700,3000,14,1,1,1,1,1,1,3.75,#FFF5E3,3.75,#FFFAF2,6,#EAEAFB
Ty Johnson,NYJ,RB,5.58,6.28,5.58,4800,4000,10,1,1,1,1,1,1,7,#E3E3F9,6,#E9E9FA,8,#D5D5F7
Miles Boykin,BAL,WR,5,6.1,5,,,10,1,0,1,1,1,1,,,,,4.5,#F9F9FE
Ito Smith,ATL,RB,5.37,6.01,5.37,5500,4700,14,1,1,1,1,1,1,8.75,#D1D1F6,7.25,#DBDBF8,8.25,#D2D2F6
Los Angeles Rams D/ST,LA,DST,5.99,5.99,5.99,4500,3200,16,1,1,1,1,1,1,4.25,#FEFEFE,3.5,#FFF4E1,4.25,#FCFCFE
Malcolm Brown,LA,RB,5.17,5.99,5.17,5200,4000,13,1,1,1,1,1,1,7.25,#E0E0F9,7.5,#D9D9F7,8.5,#CFCFF5
Tennessee D/ST,TEN,DST,5.91,5.91,5.91,3900,2900,12,1,1,1,1,1,1,4,#FFFAF2,2.5,#FFDDA1,2.75,#FFE2AF
Benny Snell Jr.,PIT,RB,5.64,5.83,5.64,,5400,17,1,1,1,1,1,1,10,#C4C4F3,,,9.5,#C4C4F3
Kendrick Bourne,SF,WR,4.75,5.83,4.75,,3900,10,1,1,1,1,1,1,6.5,#E8E8FA,,,4.75,#F7F7FD
New England D/ST,NE,DST,5.81,5.81,5.81,3700,2400,15,1,1,1,1,1,1,2.5,#FFDA97,2,#FFD281,4.5,#F9F9FE
James Washington,PIT,WR,4.75,5.75,4.75,,3300,10,1,1,1,1,1,1,5,#F7F7FD,,,4.75,#F7F7FD
Kerryon Johnson,DET,RB,5.19,5.75,5.19,5200,4400,11,1,1,1,1,1,1,8.75,#D1D1F6,7.25,#DBDBF8,8.5,#CFCFF5
Gerald Everett,LA,TE,4.64,5.73,4.64,4800,3200,10,1,1,1,1,1,1,4.5,#FCFCFE,3.75,#FFFAF2,3.75,#FFF9EF
Washington D/ST,WSH,DST,5.73,5.73,5.73,,2700,12,1,1,1,1,1,1,3.25,#FFEAC5,,,3,#FFE8BF
Gus Edwards,BAL,RB,5.4,5.72,5.4,,,19,1,0,1,1,1,1,,,,,10,#BFBFF2
Will Dissly,SEA,TE,4.68,5.71,4.68,4500,3300,10,1,1,1,1,1,1,4.5,#FBFBFE,2.75,#FFE3B1,3.75,#FFF9EF
Mecole Hardman,KC,WR,4.71,5.62,4.71,,3400,11,1,1,1,1,1,1,5.5,#F2F2FC,,,5,#F4F4FD
Demarcus Robinson,KC,WR,4.59,5.61,4.59,,3800,11,1,1,1,1,1,1,6.5,#E8E8FA,,,5.25,#F1F1FC
Tony Pollard,DAL,RB,4.87,5.55,4.87,,,14,0,1,1,1,1,1,,,,,8.75,#CCCCF5
Jared Cook,NO,TE,4.55,5.54,4.55,5500,3700,14,1,1,1,1,1,1,5.75,#EFEFFC,5,#F3F3FC,5.25,#F1F1FC
Lynn Bowden Jr.,MIA,WR,4.93,5.53,4.93,4500,3000,10,1,1,1,1,1,1,4.5,#FBFBFE,3.5,#FFF4E1,4.5,#F9F9FE
Chris Herndon,NYJ,TE,4.36,5.52,4.36,4500,2500,10,1,1,1,1,1,1,3.25,#FFEAC5,3,#FFE9C1,4,#FFFFFE
Marvin Hall,DET,WR,4.58,5.52,4.58,4900,3500,10,1,1,1,1,1,1,5.5,#F2F2FC,4.5,#F9F9FD,4.75,#F7F7FD
Jacob Hollister,SEA,TE,4.44,5.49,4.44,4900,3000,10,1,1,1,1,1,1,4.25,#FEFEFE,4,#FEFEFE,4,#FFFFFF
Steven Sims,WSH,WR,4.35,5.47,4.35,,3100,10,1,1,1,1,1,1,4.5,#FCFCFE,,,5,#F4F4FD
Arizona D/ST,ARI,DST,5.41,5.41,5.41,3800,2900,15,1,1,1,1,1,1,4.5,#FCFCFE,3,#FFE9C1,4.75,#F7F7FD
Jordan Wilkins,IND,RB,5.01,5.35,5.01,5500,4200,15,1,1,1,1,1,1,8,#D9D9F7,7.75,#D6D6F7,8.75,#CCCCF5
Cincinnati D/ST,CIN,DST,5.33,5.33,5.33,3600,2300,10,1,1,1,1,1,1,2.5,#FFDA97,2,#FFD281,3.25,#FFEECF
Antonio Callaway,MIA,WR,4.29,5.31,4.29,4800,3000,10,1,1,1,1,1,1,4.5,#FCFCFE,4.75,#F6F6FD,5,#F4F4FD
New York Giants D/ST,NYG,DST,5.24,5.24,5.24,3400,2200,16,1,1,1,1,1,1,2.5,#FFDA97,2.25,#FFD891,5,#F4F4FD
Joshua Kelley,LAC,RB,4.61,5.14,4.61,5200,4000,12,1,1,1,1,1,1,8,#D9D9F7,8,#D3D3F6,9,#CACAF4
Houston D/ST,HOU,DST,5.12,5.12,5.12,3700,2800,11,1,1,1,1,1,1,4.25,#FEFEFE,2.75,#FFE3B1,3.5,#FFF3DF
Jeff Smith,NYJ,WR,4.01,5.12,4.01,4600,3000,10,1,1,1,1,1,1,4.75,#F9F9FD,4.5,#F9F9FD,5.25,#F1F1FC
Mack Hollins,MIA,WR,4.17,5.11,4.17,4600,3000,10,1,1,1,1,1,1,4.75,#F9F9FD,4.25,#FBFBFE,5.25,#F1F1FC
Dallas D/ST,DAL,DST,5.05,5.05,5.05,,,13,0,1,1,1,1,1,,,,,5.25,#F1F1FC
Geoff Swaim,TEN,TE,4.01,5.04,4.01,4000,2500,10,1,1,1,1,1,1,3.75,#FFF5E3,3,#FFE9C1,4.25,#FCFCFE
New York Jets D/ST,NYJ,DST,4.79,4.79,4.79,3300,2100,10,1,1,1,1,1,1,3,#FFE5B6,2.75,#FFE3B1,3.75,#FFF9EF
Alexander Mattison,MIN,RB,4.46,4.77,4.46,7300,6900,16,1,1,1,1,1,1,14.5,#9797EA,12.25,#A5A5ED,9.75,#C2C2F3
Anthony McFarland Jr.,PIT,RB,4.37,4.68,4.37,,4200,14,1,1,1,1,1,1,8.5,#D3D3F6,,,9.25,#C7C7F4
Mark Ingram,BAL,RB,4.23,4.52,4.23,,,11,1,0,1,1,1,1,,,,,9.25,#C7C7F4
Drew Sample,CIN,TE,3.53,4.49,3.53,4500,2900,10,1,1,1,1,1,1,4.75,#F9F9FD,4,#FEFEFE,4.75,#F7F7FD
Samaje Perine,CIN,RB,4.09,4.49,4.09,4600,4000,10,1,1,1,1,1,1,8.75,#D1D1F6,7,#DEDEF8,9.5,#C4C4F3
Dan Arnold,ARI,TE,3.53,4.36,3.53,4600,2800,10,1,1,1,1,1,1,5,#F7F7FD,4.5,#F9F9FD,4.75,#F7F7FD
Cleveland D/ST,CLE,DST,4.35,4.35,4.35,4000,2500,15,1,1,1,1,1,1,4.5,#FCFCFE,4.75,#F6F6FD,6,#EAEAFB
Gunner Olszewski,NE,WR,3.46,4.34,3.46,4500,3000,10,1,1,1,1,1,1,5.5,#F2F2FC,5,#F3F3FC,6,#EAEAFB
Mo Alie-Cox,IND,TE,3.54,4.33,3.54,4800,2700,11,1,1,1,1,1,1,5,#F7F7FD,5,#F3F3FC,4.75,#F7F7FD
Tre'Quan Smith,NO,WR,3.52,4.29,3.52,4800,3000,14,1,1,1,1,1,1,5.75,#EFEFFC,5.5,#EEEEFB,7.5,#DADAF8
Ryan Izzo,NE,TE,3.2,3.98,3.2,4500,2500,10,1,1,1,1,1,1,4.75,#F9F9FD,4.25,#FBFBFE,5.25,#F1F1FC
Alshon Jeffery,PHI,WR,3.21,3.95,3.21,4800,3000,13,1,1,1,1,1,1,6,#EDEDFB,5.75,#EBEBFB,7.75,#D7D7F7
Bryan Edwards,LV,WR,3.21,3.93,3.21,4700,3000,10,1,1,1,1,1,1,6,#EDEDFB,5.5,#EEEEFB,6.25,#E7E7FA
DaeSean Hamilton,DEN,WR,3.08,3.89,3.08,,3000,10,1,1,0,1,1,1,6,#EDEDFB,,,6.25,#E7E7FA
James Proche,BAL,WR,3.13,3.88,3.13,,,10,1,0,1,1,1,1,,,,,6.25,#E7E7FA
Andy Isabella,ARI,WR,3.13,3.86,3.13,4800,3200,10,1,1,1,1,1,1,6.75,#E5E5FA,6,#E9E9FA,6.25,#E7E7FA
Taywan Taylor,CLE,WR,3.05,3.79,3.05,4500,3000,10,1,1,1,1,1,1,6.25,#EAEAFB,5.5,#EEEEFB,6.25,#E7E7FA
Jacksonville D/ST,JAC,DST,3.78,3.78,3.78,3200,2000,10,1,1,1,1,1,1,3.5,#FFF0D4,3.5,#FFF4E1,4.75,#F7F7FD
Philadelphia D/ST,PHI,DST,3.64,3.64,3.64,3400,2300,16,1,1,1,1,1,1,4.25,#FEFEFE,3.75,#FFFAF2,6.75,#E2E2F9
Jack Doyle,IND,TE,2.88,3.58,2.88,4900,2500,10,1,1,1,1,1,1,5.25,#F4F4FD,5.75,#EBEBFB,5.5,#EFEFFC
Cole Kmet,CHI,TE,2.86,3.56,2.86,4400,2500,10,1,1,1,1,1,1,5.25,#F4F4FD,4.5,#F9F9FD,5.5,#EFEFFC
Ross Dwelley,SF,TE,2.85,3.53,2.85,,2500,10,1,1,1,1,1,1,5.25,#F4F4FD,,,5.5,#EFEFFC
Jalen Guyton,LAC,WR,2.88,3.49,2.88,4900,3100,10,1,1,1,1,1,1,6.5,#E8E8FA,6.25,#E6E6FA,6.5,#E4E4FA
Kahale Warring,HOU,TE,2.75,3.44,2.75,4000,2500,10,1,1,1,1,1,1,5.25,#F4F4FD,4.25,#FBFBFE,5.5,#EFEFFC
Alfred Morris,NYG,RB,3.08,3.38,3.08,4700,4000,10,1,1,1,1,1,1,9.75,#C7C7F4,8,#D3D3F6,10.5,#BABAF1
Dion Lewis,NYG,RB,2.58,3.33,2.58,4900,4000,10,1,1,1,1,1,1,10,#C4C4F3,9,#C9C9F4,11,#B4B4F0
Cedrick Wilson,DAL,WR,2.66,3.26,2.66,,,10,0,1,1,1,1,1,,,,,6.75,#E2E2F9
Alex Erickson,CIN,WR,2.56,3.25,2.56,4500,3000,10,1,1,1,1,1,1,6.75,#E5E5FA,6,#E9E9FA,6.75,#E2E2F9
Troymaine Pope,LAC,RB,2.78,3.25,2.78,4700,4000,10,1,1,1,1,1,1,10,#C4C4F3,8.25,#D1D1F6,10.75,#B7B7F0
Dontrelle Inman,WSH,WR,2.61,3.24,2.61,,3200,10,1,1,1,1,1,1,7.5,#DEDEF8,,,6.75,#E2E2F9
Boston Scott,PHI,RB,2.86,3.2,2.86,5700,6000,13,1,1,1,1,1,1,13.75,#9E9EEB,10.75,#B5B5F0,10.75,#B7B7F0
Darren Fells,HOU,TE,2.59,3.18,2.59,4800,2700,10,1,1,1,1,1,1,6,#EDEDFB,5.75,#EBEBFB,5.75,#ECECFB
Peyton Barber,WSH,RB,3.03,3.15,3.03,,4000,10,1,1,1,1,1,1,10,#C4C4F3,,,10.5,#BABAF1
Denver D/ST,DEN,DST,3.13,3.13,3.13,,1900,10,1,1,0,1,1,1,4.25,#FEFEFE,,,5.5,#EFEFFC
Jeremy McNichols,TEN,RB,2.61,3.13,2.61,4700,4000,10,1,1,1,1,1,1,10,#C4C4F3,8.5,#CECEF5,10.75,#B7B7F0
Darrel Williams,KC,RB,2.45,3.05,2.45,,4000,10,1,1,1,1,1,1,10.25,#C2C2F3,,,11,#B4B4F0
Mike Thomas,CIN,WR,2.42,3.01,2.42,4500,3000,10,1,1,1,1,1,1,7,#E3E3F9,6,#E9E9FA,7,#DFDFF9
Tyler Conklin,MIN,TE,2.36,2.88,2.36,4000,2500,10,1,1,1,1,1,1,5.75,#EFEFFC,4.5,#F9F9FD,6,#EAEAFB
Equanimeous St. Brown,GB,WR,2.38,2.83,2.38,4500,3500,10,1,1,1,1,1,1,8.25,#D6D6F7,6,#E9E9FA,7,#DFDFF9
Kalif Raymond,TEN,WR,2.28,2.8,2.28,4600,3000,10,1,1,1,1,1,1,7.25,#E0E0F9,6.25,#E6E6FA,7,#DFDFF9
Cam Sims,WSH,WR,2.25,2.78,2.25,,3000,11,1,1,1,1,1,1,7.25,#E0E0F9,,,7.5,#DADAF8
C.J. Board,NYG,WR,2.17,2.77,2.17,4500,3000,10,1,1,1,1,1,1,7.25,#E0E0F9,6.25,#E6E6FA,7.25,#DCDCF8
Chris Moore,BAL,WR,2.22,2.75,2.22,,,10,1,0,1,1,1,1,,,,,7.25,#DCDCF8
Malcolm Perry,MIA,RB,2.21,2.71,2.21,4500,4000,10,1,1,1,1,1,1,10.5,#BFBFF2,9,#C9C9F4,11.25,#B2B2EF
Zay Jones,LV,WR,2.18,2.71,2.18,4700,3000,10,1,1,1,1,1,1,7.25,#E0E0F9,6.5,#E3E3F9,7.25,#DCDCF8
Adam Trautman,NO,TE,2.17,2.69,2.17,4300,2500,10,1,1,1,1,1,1,6,#EDEDFB,5.25,#F1F1FC,6.25,#E7E7FA
Jeff Wilson,SF,RB,2.41,2.63,2.41,,4000,16,1,1,1,1,1,1,10.5,#BFBFF2,,,11.75,#ACACEE
Adam Shaheen,MIA,TE,2.08,2.56,2.08,4500,2500,10,1,1,1,1,1,1,6.25,#EAEAFB,5.5,#EEEEFB,6.25,#E7E7FA
Collin Johnson,JAC,WR,2.03,2.56,2.03,5000,3300,11,1,1,1,1,1,1,8.25,#D6D6F7,7,#DEDEF8,7.75,#D7D7F7
Riley Ridley,CHI,WR,1.98,2.48,1.98,4500,3000,10,1,1,1,1,1,1,7.5,#DEDEF8,6.5,#E3E3F9,7.5,#DADAF8
Nick Vannett,DEN,TE,1.93,2.46,1.93,,2500,10,1,1,0,1,1,1,6.25,#EAEAFB,,,6.5,#E4E4FA
De'Michael Harris,IND,WR,1.86,2.29,1.86,4600,3000,10,1,1,1,1,1,1,7.75,#DBDBF8,6.75,#E1E1F9,7.5,#DADAF8
DeAndrew White,BAL,WR,1.81,2.25,1.81,,,10,1,0,1,1,1,1,,,,,7.5,#DADAF8
Jaeden Graham,ATL,TE,1.78,2.24,1.78,4000,2500,10,1,1,1,1,1,1,6.5,#E8E8FA,5.25,#F1F1FC,6.5,#E4E4FA
Richie James,SF,WR,1.82,2.19,1.82,,3300,10,1,1,1,1,1,1,8.75,#D1D1F6,,,7.5,#DADAF8
Kyle Juszczyk,SF,RB,1.75,2.15,1.75,,4000,10,1,1,1,1,1,1,11,#BABAF1,,,11.75,#ACACEE
Donald Parham Jr.,LAC,TE,1.7,2.1,1.7,4300,2500,10,1,1,1,1,1,1,6.75,#E5E5FA,5.75,#EBEBFB,6.75,#E2E2F9
Cameron Batson,TEN,WR,1.65,2.06,1.65,4500,3000,10,1,1,1,1,1,1,7.75,#DBDBF8,6.75,#E1E1F9,7.75,#D7D7F7
Patrick Ricard,BAL,RB,1.56,2.06,1.56,,,10,1,0,1,1,1,1,,,,,12,#AAAAEE
Durham Smythe,MIA,TE,1.63,2.02,1.63,4300,2500,10,1,1,1,1,1,1,6.75,#E5E5FA,5.75,#EBEBFB,6.75,#E2E2F9
Chad Beebe,MIN,WR,1.6,1.97,1.6,5300,3500,10,1,1,1,1,1,1,9,#CECEF5,8.25,#D1D1F6,7.75,#D7D7F7
Jace Sternberger,GB,TE,1.58,1.97,1.58,4300,2900,10,1,1,1,1,1,1,7.25,#E0E0F9,6,#E9E9FA,6.75,#E2E2F9
Tevin Coleman,SF,RB,1.79,1.93,1.79,,4400,11,1,1,1,1,1,1,12.5,#ABABEE,,,11.75,#ACACEE
Marcedes Lewis,GB,TE,1.51,1.86,1.51,4200,2500,10,1,1,1,1,1,1,7,#E3E3F9,5.75,#EBEBFB,6.75,#E2E2F9
Bisi Johnson,MIN,WR,1.5,1.84,1.5,4700,3700,13,1,1,1,1,1,1,10.25,#C2C2F3,7.25,#DBDBF8,9.5,#C4C4F3
Freddie Swain,SEA,WR,1.46,1.81,1.46,4700,3000,10,1,1,1,1,1,1,8,#D9D9F7,7.25,#DBDBF8,8,#D5D5F7
James O'Shaughnessy,JAC,TE,1.41,1.79,1.41,4100,2500,10,1,1,1,1,1,1,7,#E3E3F9,5.75,#EBEBFB,7,#DFDFF9
Maxx Williams,ARI,TE,1.41,1.78,1.41,4200,2500,10,1,1,1,1,1,1,7,#E3E3F9,6,#E9E9FA,7,#DFDFF9
Ray-Ray McCloud,PIT,WR,1.46,1.78,1.46,,,,1,1,1,1,1,1,,,,,,
Trayveon Williams,CIN,RB,1.48,1.78,1.48,4500,4000,10,1,1,1,1,1,1,11.5,#B5B5F0,9.5,#C3C3F3,12,#AAAAEE
Jamal Agnew,DET,WR,1.45,1.71,1.45,4600,3000,10,1,1,1,1,1,1,8.25,#D6D6F7,7,#DEDEF8,8,#D5D5F7
Kalen Ballage,LAC,RB,1.43,1.65,1.43,5100,4000,13,1,1,1,1,1,1,11.5,#B5B5F0,11,#B3B3EF,12.25,#A7A7ED
Donovan Peoples-Jones,CLE,WR,1.33,1.62,1.33,4600,3000,10,1,1,1,1,1,1,8.25,#D6D6F7,7.25,#DBDBF8,8,#D5D5F7
Deon Yelder,KC,TE,1.3,1.6,1.3,,2500,10,1,1,1,1,1,1,7.25,#E0E0F9,,,7,#DFDFF9
Sony Michel,NE,RB,1.47,1.59,1.47,5300,4000,10,1,1,1,1,1,1,11.75,#B2B2EF,11.25,#B0B0EF,12,#AAAAEE
Brandon Powell,ATL,WR,1.16,1.36,1.16,4700,3000,10,1,1,1,1,1,1,8.5,#D3D3F6,7.5,#D9D9F7,8.25,#D2D2F6
Richard Rodgers,PHI,TE,1.07,1.34,1.07,5200,3300,11,1,1,1,1,1,1,8.75,#D1D1F6,8,#D3D3F6,7.25,#DCDCF8
Alec Ingold,LV,RB,1.05,1.32,1.05,4500,4000,10,1,1,1,1,1,1,12,#B0B0EF,10,#BEBEF2,12.5,#A4A4ED
Tajae Sharpe,MIN,WR,1.08,1.32,1.08,4500,3000,10,1,1,1,1,1,1,8.5,#D3D3F6,7.5,#D9D9F7,8.25,#D2D2F6
Ben Ellefson,JAC,TE,1.03,1.29,1.03,4000,2500,10,1,1,1,1,1,1,7.5,#DEDEF8,6,#E9E9FA,7.25,#DCDCF8
Devine Ozigbo,JAC,RB,1,1.2,1,4600,4000,10,1,1,1,1,1,1,12,#B0B0EF,10,#BEBEF2,12.5,#A4A4ED
Jason Witten,LV,TE,0.94,1.2,0.94,4200,2500,10,1,1,1,1,1,1,7.5,#DEDEF8,6.5,#E3E3F9,7.5,#DADAF8
Jesse James,DET,TE,0.97,1.2,0.97,4300,2500,10,1,1,1,1,1,1,7.5,#DEDEF8,6.5,#E3E3F9,7.25,#DCDCF8
C.J. Ham,MIN,RB,0.96,1.19,0.96,4500,4000,10,1,1,1,1,1,1,12,#B0B0EF,10.25,#BBBBF1,12.5,#A4A4ED
Quintez Cephus,DET,WR,0.94,1.17,0.94,4700,3000,10,1,1,1,1,1,1,8.75,#D1D1F6,7.75,#D6D6F7,8.5,#CFCFF5
Blake Bell,DAL,TE,0.9,1.13,0.9,,,10,0,1,1,1,1,1,,,,,7.5,#DADAF8
Noah Brown,DAL,WR,0.87,1.11,0.87,,,10,0,1,1,1,1,1,,,,,8.5,#CFCFF5
Antonio Gandy-Golden,WSH,WR,0.9,1.08,0.9,,3000,10,1,1,1,1,1,1,8.75,#D1D1F6,,,8.5,#CFCFF5
Stephen Carlson,CLE,TE,0.82,1,0.82,4000,2500,10,1,1,1,1,1,1,7.75,#DBDBF8,6.25,#E6E6FA,7.5,#DADAF8
Royce Freeman,DEN,RB,0.8,0.96,0.8,,4000,11,1,1,0,1,1,1,12.25,#ADADEE,,,12.75,#A2A2EC
Jacoby Brissett,IND,QB,0.87,0.91,0.87,6000,4400,20,1,1,1,1,1,1,15.75,#8A8AE8,16.5,#7878E4,17.5,#6F6FE3
Van Jefferson,LA,WR,0.75,0.91,0.75,4800,3000,11,1,1,1,1,1,1,9,#CECEF5,8.25,#D1D1F6,9,#CACAF4
Christian Blake,ATL,WR,0.7,0.9,0.7,4600,3000,10,1,1,1,1,1,1,9,#CECEF5,7.75,#D6D6F7,8.75,#CCCCF5
Ryan Nall,CHI,RB,0.73,0.9,0.73,4800,4000,10,1,1,1,1,1,1,12.25,#ADADEE,10.75,#B5B5F0,12.75,#A2A2EC
Tyron Johnson,LAC,WR,0.74,0.9,0.74,4800,3000,10,1,1,1,1,1,1,9,#CECEF5,8.25,#D1D1F6,8.75,#CCCCF5
Joe Reed,LAC,WR,0.73,0.87,0.73,4500,3000,10,1,1,1,1,1,1,9,#CECEF5,7.75,#D6D6F7,8.75,#CCCCF5
Justice Hill,BAL,RB,0.73,0.85,0.73,,,14,1,0,1,1,1,1,,,,,13,#9F9FEC
Trevon Wesco,NYJ,TE,0.71,0.85,0.71,4100,2500,10,1,1,1,1,1,1,8,#D9D9F7,6.25,#E6E6FA,7.5,#DADAF8
Andy Janovich,CLE,RB,0.63,0.8,0.63,4500,4000,10,1,1,1,1,1,1,12.5,#ABABEE,10.5,#B8B8F1,12.75,#A2A2EC
Derek Carrier,LV,TE,0.62,0.76,0.62,4000,2500,10,1,1,1,1,1,1,8,#D9D9F7,6.25,#E6E6FA,7.75,#D7D7F7
Dalton Keene,NE,TE,0.59,0.73,0.59,4000,2500,10,1,1,1,1,1,1,8,#D9D9F7,6.25,#E6E6FA,7.75,#D7D7F7
Corey Clement,PHI,RB,0.55,0.69,0.55,4700,4000,10,1,1,1,1,1,1,12.5,#ABABEE,10.5,#B8B8F1,13,#9F9FEC
Isaiah Wright,WSH,WR,0.47,0.62,0.47,,3000,10,1,1,1,1,1,1,9.25,#CCCCF5,,,9,#CACAF4
Vance McDonald,PIT,TE,0.49,0.62,0.49,,2700,10,1,1,1,1,1,1,8.75,#D1D1F6,,,7.75,#D7D7F7
Darrius Shepherd,GB,WR,0.5,0.61,0.5,4600,3000,10,1,1,1,1,1,1,9.25,#CCCCF5,8,#D3D3F6,9,#CACAF4
Keith Smith,ATL,RB,0.46,0.61,0.46,4500,4000,10,1,1,1,1,1,1,12.5,#ABABEE,10.75,#B5B5F0,13,#9F9FEC
Deonte Harris,NO,WR,0.47,0.6,0.47,4800,3000,10,1,1,1,1,1,1,9.25,#CCCCF5,8.5,#CECEF5,9,#CACAF4
Jalen Hurts,PHI,QB,0.55,0.59,0.55,6900,5300,20,1,1,1,1,1,1,18.25,#7171E3,18,#6868E1,17.75,#6D6DE2
Jake Butt,DEN,TE,0.47,0.58,0.47,,2500,10,1,1,0,1,1,1,8.25,#D6D6F7,,,7.75,#D7D7F7
Travis Homer,SEA,RB,0.47,0.58,0.47,4600,4000,10,1,1,1,1,1,1,12.75,#A8A8ED,10.75,#B5B5F0,13,#9F9FEC
D'Onta Foreman,TEN,RB,0.49,0.57,0.49,4800,4000,10,1,1,1,1,1,1,12.75,#A8A8ED,11,#B3B3EF,13,#9F9FEC
David Njoku,CLE,TE,0.47,0.57,0.47,4700,2500,12,1,1,1,1,1,1,8.25,#D6D6F7,7.5,#D9D9F7,7.75,#D7D7F7
Cethan Carter,CIN,TE,0.44,0.56,0.44,4000,2500,10,1,1,1,1,1,1,8.25,#D6D6F7,6.5,#E3E3F9,8,#D5D5F7
Josh Hill,NO,TE,0.45,0.56,0.45,4200,2500,10,1,1,1,1,1,1,8.25,#D6D6F7,7,#DEDEF8,8,#D5D5F7
KeeSean Johnson,ARI,WR,0.42,0.53,0.42,4700,3000,10,1,1,1,1,1,1,9.5,#C9C9F4,8.25,#D1D1F6,9,#CACAF4
Chris Hogan,NYJ,WR,0.41,0.51,0.41,4500,3000,10,1,1,1,1,1,1,9.5,#C9C9F4,8,#D3D3F6,9,#CACAF4
Levine Toilolo,NYG,TE,0.4,0.51,0.4,4000,2500,10,1,1,1,1,1,1,8.25,#D6D6F7,6.5,#E3E3F9,8,#D5D5F7
Elijhaa Penny,NYG,RB,0.37,0.47,0.37,4500,4000,10,1,1,1,1,1,1,12.75,#A8A8ED,10.75,#B5B5F0,13,#9F9FEC
Dontrell Hilliard,CLE,RB,0.37,0.46,0.37,4500,4000,10,1,1,1,1,1,1,12.75,#A8A8ED,10.75,#B5B5F0,13,#9F9FEC
Michael Burton,NO,RB,0.36,0.46,0.36,4500,4000,10,1,1,1,1,1,1,12.75,#A8A8ED,10.75,#B5B5F0,13,#9F9FEC
Gabe Nabers,LAC,RB,0.31,0.41,0.31,4500,4000,10,1,1,1,1,1,1,12.75,#A8A8ED,10.75,#B5B5F0,13.25,#9C9CEB
Nick Keizer,KC,TE,0.26,0.33,0.26,,2500,10,1,1,1,1,1,1,8.5,#D3D3F6,,,8,#D5D5F7
Jakob Johnson,NE,RB,0.25,0.3,0.25,4500,4000,10,1,1,1,1,1,1,13,#A6A6ED,10.75,#B5B5F0,13.25,#9C9CEB
Jeff Badet,WSH,WR,0.23,0.28,0.23,,3000,10,1,1,1,1,1,1,9.75,#C7C7F4,,,9.25,#C7C7F4
Rashaad Penny,SEA,RB,0.22,0.26,0.22,4500,4000,14,1,1,1,1,1,1,13,#A6A6ED,11,#B3B3EF,13.5,#9A9AEB
Ameer Abdullah,MIN,RB,0.21,0.25,0.21,4500,4000,10,1,1,1,1,1,1,13,#A6A6ED,11,#B3B3EF,13.25,#9C9CEB
Mike Boone,MIN,RB,0.21,0.24,0.21,4600,4000,10,1,1,1,1,1,1,13,#A6A6ED,11,#B3B3EF,13.25,#9C9CEB
Pharaoh Brown,HOU,TE,0.2,0.24,0.2,4500,2500,10,1,1,1,1,1,1,8.5,#D3D3F6,7.25,#DBDBF8,8.25,#D2D2F6
DeeJay Dallas,SEA,RB,0.19,0.23,0.19,4900,4000,13,1,1,1,1,1,1,13,#A6A6ED,11.5,#ADADEE,13.5,#9A9AEB
Marcus Johnson,IND,WR,0.19,0.23,0.19,4600,3000,10,1,1,1,1,1,1,9.75,#C7C7F4,8.25,#D1D1F6,9.25,#C7C7F4
Derek Watt,PIT,RB,0.15,0.19,0.15,,4000,10,1,1,1,1,1,1,13,#A6A6ED,,,13.25,#9C9CEB
Virgil Green,LAC,TE,0.16,0.19,0.16,4000,2500,10,1,1,1,1,1,1,8.5,#D3D3F6,6.75,#E1E1F9,8.25,#D2D2F6
Foster Moreau,LV,TE,0.15,0.18,0.15,4100,2500,10,1,1,1,1,1,1,8.5,#D3D3F6,7,#DEDEF8,8.25,#D2D2F6
Noah Togiai,IND,TE,0.14,0.17,0.14,4000,2500,10,1,1,1,1,1,1,8.5,#D3D3F6,6.75,#E1E1F9,8.25,#D2D2F6
Ricky Seals-Jones,KC,TE,0.14,0.17,0.14,,2500,10,1,1,1,1,1,1,8.5,#D3D3F6,,,8.25,#D2D2F6
Robert Foster,WSH,WR,0.14,0.16,0.14,,3000,10,1,1,1,1,1,1,9.75,#C7C7F4,,,9.25,#C7C7F4
Jaylen Samuels,PIT,RB,0.12,0.15,0.12,,4000,10,1,1,1,1,1,1,13,#A6A6ED,,,13.25,#9C9CEB
Qadree Ollison,ATL,RB,0.11,0.15,0.11,4900,4000,10,1,1,1,1,1,1,13,#A6A6ED,11.5,#ADADEE,13.25,#9C9CEB
Anthony Sherman,KC,RB,0.11,0.14,0.11,,4000,10,1,1,1,1,1,1,13,#A6A6ED,,,13.25,#9C9CEB
Lamar Miller,CHI,RB,0.11,0.14,0.11,5400,,,1,1,1,1,1,1,,,12.5,#A3A3EC,,
Rico Gafford,LV,WR,0.11,0.14,0.11,,,10,1,1,1,1,1,1,,,,,9.25,#C7C7F4
Artavis Pierce,CHI,RB,0.1,0.13,0.1,4500,4000,10,1,1,1,1,1,1,13,#A6A6ED,11,#B3B3EF,13.25,#9C9CEB
Khari Blasingame,TEN,RB,0.1,0.13,0.1,4500,4000,10,1,1,1,1,1,1,13,#A6A6ED,11,#B3B3EF,13.25,#9C9CEB
D'Ernest Johnson,CLE,RB,0.1,0.12,0.1,4600,4000,10,1,1,1,1,1,1,13,#A5A5ED,11,#B3B3EF,13.25,#9C9CEB
Dare Ogunbowale,JAC,RB,0.09,0.12,0.09,4500,4000,10,1,1,1,1,1,1,13,#A5A5ED,11,#B3B3EF,13.5,#9A9AEB
Darrynton Evans,TEN,RB,0.09,0.12,0.09,4600,4000,10,1,1,1,1,1,1,13,#A5A5ED,11,#B3B3EF,13.5,#9A9AEB
Laquon Treadwell,ATL,WR,0.09,0.12,0.09,,,,1,1,1,1,1,1,,,,,,
Trey Edmunds,PIT,RB,0.09,0.12,0.09,,4000,10,1,1,1,1,1,1,13,#A5A5ED,,,13.5,#9A9AEB
A.J. Dillon,GB,RB,0.09,0.11,0.09,4800,4000,10,1,1,1,1,1,1,13,#A6A6ED,11.5,#ADADEE,13.5,#9A9AEB
Alex Collins,SEA,RB,0.09,0.11,0.09,5100,,,1,1,1,1,1,1,,,12.5,#A3A3EC,,
Andrew Beck,DEN,RB,0.08,0.11,0.08,,,10,1,1,0,1,1,1,,,,,13.5,#9A9AEB
Ashton Dulin,IND,WR,0.08,0.11,0.08,4500,3000,10,1,1,1,1,1,1,9.75,#C7C7F4,8.5,#CECEF5,9.25,#C7C7F4
Austin Walter,SF,RB,0.09,0.11,0.09,,4000,10,1,1,1,1,1,1,13,#A6A6ED,,,13.5,#9A9AEB
Cullen Gillaspia,HOU,RB,0.08,0.11,0.08,4500,4000,10,1,1,1,1,1,1,13,#A6A6ED,11,#B3B3EF,13.5,#9A9AEB
Darwin Thompson,KC,RB,0.09,0.11,0.09,,4000,10,1,1,1,1,1,1,13,#A6A6ED,,,13.5,#9A9AEB
Isaiah Ford,NE,WR,0.08,0.11,0.08,4600,3000,10,1,1,1,1,1,1,9.75,#C7C7F4,8.5,#CECEF5,9.25,#C7C7F4
J.J. Arcega-Whiteside,PHI,WR,0.09,0.11,0.09,4600,3000,10,1,1,1,1,1,1,9.75,#C7C7F4,8.5,#CECEF5,9.25,#C7C7F4
J.J. Taylor,NE,RB,0.08,0.11,0.08,4600,4000,10,1,1,1,1,1,1,13,#A6A6ED,11,#B3B3EF,13.5,#9A9AEB
Jason Huntley,PHI,RB,0.08,0.11,0.08,4500,4000,10,1,1,1,1,1,1,13,#A6A6ED,11,#B3B3EF,13.5,#9A9AEB
Jason Moore,LAC,WR,0.09,0.11,0.09,4500,,,1,1,1,1,1,1,,,8.5,#CECEF5,,
K.J. Hill,LAC,WR,0.09,0.11,0.09,4500,3000,10,1,1,1,1,1,1,9.75,#C7C7F4,8.5,#CECEF5,9.25,#C7C7F4
Stephen Anderson,LAC,TE,0.08,0.11,0.08,4000,2500,10,1,1,1,1,1,1,8.75,#D1D1F6,7,#DEDEF8,8.25,#D2D2F6
Terry Godwin,JAC,WR,0.08,0.11,0.08,4500,,10,1,1,1,1,1,1,,,8.5,#CECEF5,9.25,#C7C7F4
Tyler Ervin,GB,RB,0.08,0.11,0.08,4600,4000,10,1,1,1,1,1,1,13,#A6A6ED,11,#B3B3EF,13.5,#9A9AEB
Austin Mack,NYG,WR,0.08,0.1,0.08,4600,3000,10,1,1,1,1,1,1,9.75,#C7C7F4,8.5,#CECEF5,9.25,#C7C7F4
Charlie Woerner,SF,TE,0.08,0.1,0.08,,2500,10,1,1,1,1,1,1,8.75,#D1D1F6,,,8.25,#D2D2F6
Dante Pettis,NYG,WR,0.08,0.1,0.08,4500,3000,10,1,1,1,1,1,1,9.75,#C7C7F4,8.5,#CECEF5,9.25,#C7C7F4
Darrell Daniels,ARI,TE,0.08,0.1,0.08,4300,2500,10,1,1,1,1,1,1,8.75,#D1D1F6,7.5,#D9D9F7,8.25,#D2D2F6
Devin Asiasi,NE,TE,0.07,0.1,0.07,4000,2500,10,1,1,1,1,1,1,8.75,#D1D1F6,7,#DEDEF8,8.25,#D2D2F6
Diontae Spencer,DEN,WR,0.08,0.1,0.08,,3000,10,1,1,0,1,1,1,9.75,#C7C7F4,,,9.25,#C7C7F4
Dwayne Washington,NO,RB,0.08,0.1,0.08,4500,4000,10,1,1,1,1,1,1,13.25,#A3A3EC,11,#B3B3EF,13.5,#9A9AEB
Isaac Nauta,DET,TE,0.07,0.1,0.07,4200,2500,10,1,1,1,1,1,1,8.75,#D1D1F6,7.25,#DBDBF8,8.25,#D2D2F6
J.P. Holtz,CHI,TE,0.08,0.1,0.08,4000,2500,10,1,1,1,1,1,1,8.75,#D1D1F6,7,#DEDEF8,8.25,#D2D2F6
Javon Wims,CHI,WR,0.08,0.1,0.08,4600,3000,10,1,1,1,1,1,1,9.75,#C7C7F4,8.5,#CECEF5,9.25,#C7C7F4
Kaden Smith,NYG,TE,0.07,0.1,0.07,4100,2500,10,1,1,1,1,1,1,8.75,#D1D1F6,7,#DEDEF8,8.25,#D2D2F6
Malik Taylor,GB,WR,0.08,0.1,0.08,4600,3000,10,1,1,1,1,1,1,9.75,#C7C7F4,8.5,#CECEF5,9.25,#C7C7F4
Malik Turner,DAL,WR,0.08,0.1,0.08,,,10,0,1,1,1,1,1,,,,,9.25,#C7C7F4
MyCole Pruitt,TEN,TE,0.07,0.1,0.07,4000,2500,10,1,1,1,1,1,1,8.75,#D1D1F6,7,#DEDEF8,8.25,#D2D2F6
Penny Hart,SEA,WR,0.08,0.1,0.08,4500,3000,10,1,1,1,1,1,1,9.75,#C7C7F4,8.5,#CECEF5,9.25,#C7C7F4
River Cracraft,SF,WR,0.08,0.1,0.08,,3000,10,1,1,1,1,1,1,9.75,#C7C7F4,,,9.25,#C7C7F4
Temarrick Hemingway,WSH,TE,0.08,0.1,0.08,,2500,10,1,1,1,1,1,1,8.75,#D1D1F6,,,8.25,#D2D2F6
Trent Sherfield,ARI,WR,0.08,0.1,0.08,4500,3000,10,1,1,1,1,1,1,9.75,#C7C7F4,8.5,#CECEF5,9.25,#C7C7F4
Ty Montgomery,NO,RB,0.08,0.1,0.08,4600,4000,10,1,1,1,1,1,1,13.25,#A3A3EC,11,#B3B3EF,13.5,#9A9AEB
Tyler Davis,JAC,TE,0.08,0.1,0.08,4000,2500,10,1,1,1,1,1,1,8.75,#D1D1F6,7,#DEDEF8,8.25,#D2D2F6
Zach Gentry,PIT,TE,0.08,0.1,0.08,,2500,10,1,1,1,1,1,1,8.75,#D1D1F6,,,8.25,#D2D2F6
Braxton Berrios,NYJ,WR,0.07,0.09,0.07,4700,3000,10,1,1,1,1,1,1,9.75,#C7C7F4,8.75,#CBCBF5,9.25,#C7C7F4
Chandler Cox,MIA,RB,0.06,0.09,0.06,4500,4000,10,1,1,1,1,1,1,13.25,#A3A3EC,11,#B3B3EF,13.5,#9A9AEB
Isaiah Zuber,NE,WR,0.07,0.09,0.07,4500,,,1,1,1,1,1,1,,,8.5,#CECEF5,,
John Hightower,PHI,WR,0.07,0.09,0.07,4500,3000,10,1,1,1,1,1,1,9.75,#C7C7F4,8.5,#CECEF5,9.25,#C7C7F4
Kevin White,SF,WR,0.07,0.09,0.07,,,,1,1,1,1,1,1,,,,,,
Lawrence Cager,NYJ,WR,0.07,0.09,0.07,4500,,,1,1,1,1,1,1,,,8.5,#CECEF5,,
Luke Stocker,ATL,TE,0.07,0.09,0.07,4000,2500,10,1,1,1,1,1,1,8.75,#D1D1F6,7,#DEDEF8,8.25,#D2D2F6
Marquez Callaway,NO,WR,0.07,0.09,0.07,4600,3000,10,1,1,1,1,1,1,9.75,#C7C7F4,8.5,#CECEF5,9.25,#C7C7F4
Nick Bellore,SEA,RB,0.07,0.09,0.07,4500,4000,10,1,1,1,1,1,1,13.25,#A3A3EC,11,#B3B3EF,13.5,#9A9AEB
Nick Westbrook-Ikhine,TEN,WR,0.07,0.09,0.07,4600,3000,10,1,1,1,1,1,1,9.75,#C7C7F4,8.5,#CECEF5,9.25,#C7C7F4
Senorise Perry,TEN,RB,0.07,0.09,0.07,4500,4000,10,1,1,1,1,1,1,13.25,#A3A3EC,11,#B3B3EF,13.5,#9A9AEB
Trent Taylor,SF,WR,0.07,0.09,0.07,,3000,10,1,1,1,1,1,1,9.75,#C7C7F4,,,9.25,#C7C7F4
Tyrie Cleveland,DEN,WR,0.07,0.09,0.07,,3000,10,1,1,0,1,1,1,9.75,#C7C7F4,,,9.25,#C7C7F4
Vyncint Smith,NYJ,WR,0.07,0.09,0.07,4500,3000,10,1,1,1,1,1,1,9.75,#C7C7F4,8.5,#CECEF5,9.25,#C7C7F4
Brandon Dillon,MIN,TE,0.06,0.08,0.06,,2500,10,1,1,1,1,1,1,8.75,#D1D1F6,,,8.25,#D2D2F6
Daniel Brown,NYJ,TE,0.06,0.08,0.06,4000,2500,10,1,1,1,1,1,1,8.75,#D1D1F6,7,#DEDEF8,8.25,#D2D2F6
Demetrius Harris,CHI,TE,0.06,0.08,0.06,4200,2500,10,1,1,1,1,1,1,8.75,#D1D1F6,7.25,#DBDBF8,8.25,#D2D2F6
Garrett Griffin,NO,TE,0.06,0.08,0.06,4000,2500,10,1,1,1,1,1,1,8.75,#D1D1F6,7,#DEDEF8,8.25,#D2D2F6
Jeremy Sprinkle,WSH,TE,0.06,0.08,0.06,,2500,10,1,1,1,1,1,1,8.75,#D1D1F6,,,8.25,#D2D2F6
Johnny Mundt,LA,TE,0.06,0.08,0.06,4000,2500,10,1,1,1,1,1,1,8.75,#D1D1F6,7,#DEDEF8,8.25,#D2D2F6
Jordan Thomas,NE,TE,0.06,0.08,0.06,4200,2500,10,1,1,1,1,1,1,8.75,#D1D1F6,7.25,#DBDBF8,8.25,#D2D2F6
Ryan Griffin,NYJ,TE,0.06,0.08,0.06,4100,2500,10,1,1,1,1,1,1,8.75,#D1D1F6,7,#DEDEF8,8.25,#D2D2F6
Bennie Fowler,NO,WR,0.06,0.07,0.06,4500,3000,10,1,1,1,1,1,1,9.75,#C7C7F4,8.5,#CECEF5,9.25,#C7C7F4
Buddy Howell,HOU,RB,0.05,0.07,0.05,4500,4000,10,1,1,1,1,1,1,13.25,#A3A3EC,11,#B3B3EF,13.5,#9A9AEB
Dexter Williams,GB,RB,0.06,0.07,0.06,4500,,,1,1,1,1,1,1,,,11,#B3B3EF,,
Rico Dowdle,DAL,RB,0.05,0.07,0.05,,,10,0,1,1,1,1,1,,,,,13.5,#9A9AEB
Eno Benjamin,ARI,RB,0.05,0.06,0.05,4500,4000,10,1,1,1,1,1,1,13.25,#A3A3EC,11,#B3B3EF,13.5,#9A9AEB
Jeremy Cox,DEN,RB,0.05,0.06,0.05,,4000,10,1,1,0,1,1,1,13.25,#A3A3EC,,,13.5,#9A9AEB
Jonathan Ward,ARI,RB,0.05,0.06,0.05,4500,4000,10,1,1,1,1,1,1,13.25,#A3A3EC,11,#B3B3EF,13.5,#9A9AEB
Nathan Cottrell,JAC,RB,0.04,0.06,0.04,,4000,10,1,1,1,1,1,1,13.25,#A3A3EC,,,13.5,#9A9AEB
Matt Slater,NE,WR,0.03,0.04,0.03,4500,3000,10,1,1,1,1,1,1,10,#C4C4F3,8.5,#CECEF5,9.25,#C7C7F4
A.J. McCarron,HOU,QB,0,0,0,6000,4400,20,1,1,1,1,1,1,16.5,#8383E6,17.25,#7070E3,18.25,#6767E1
Ben DiNucci,DAL,QB,0,0,0,,,20,0,1,1,1,1,1,,,,,18.25,#6767E1
Brett Hundley,ARI,QB,0,0,0,6000,4000,20,1,1,1,1,1,1,16,#8888E7,17.25,#7070E3,18.25,#6767E1
Brett Rypien,DEN,QB,0,0,0,,4800,20,1,1,0,1,1,1,17,#7D7DE5,,,18.25,#6767E1
Brian Hoyer,NE,QB,0,0,0,6100,4000,20,1,1,1,1,1,1,16,#8888E7,17.5,#6D6DE2,18.25,#6767E1
Bryce Love,WSH,RB,0,0,0,,4000,10,1,1,1,1,1,1,13.25,#A3A3EC,,,13.5,#9A9AEB
Byron Pringle,KC,WR,0,0,0,,3000,10,1,1,1,1,1,1,10,#C4C4F3,,,9.5,#C4C4F3
C.J. Beathard,SF,QB,0,0,0,,5000,20,1,1,1,1,1,1,18.25,#7171E3,,,18.25,#6767E1
C.J. Prosise,HOU,RB,0,0,0,4900,4000,10,1,1,1,1,1,1,13.25,#A3A3EC,11.5,#ADADEE,13.5,#9A9AEB
Case Keenum,CLE,QB,0,0,0,6200,4700,20,1,1,1,1,1,1,17,#7D7DE5,17.5,#6D6DE2,18.25,#6767E1
Chad Henne,KC,QB,0,0,0,,4100,20,1,1,1,1,1,1,16,#8888E7,,,18.25,#6767E1
Chase Daniel,DET,QB,0,0,0,6000,4600,20,1,1,1,1,1,1,17,#7D7DE5,17.25,#7070E3,18.25,#6767E1
Chris Streveler,ARI,QB,0,0,0,6000,4800,20,1,1,1,1,1,1,17,#7D7DE5,17.25,#7070E3,18.25,#6767E1
Chris Thompson,JAC,RB,0,0,0,4600,4000,10,1,1,1,1,1,1,13.25,#A3A3EC,11,#B3B3EF,13.5,#9A9AEB
Cooper Rush,DAL,QB,0,0,0,,,,0,1,1,1,1,1,,,,,,
Dan Chisena,MIN,WR,0,0,0,4500,3000,10,1,1,1,1,1,1,10,#C4C4F3,8.5,#CECEF5,9.5,#C4C4F3
Daniel Jones,NYG,QB,0,0,0,7100,5500,28,1,1,1,1,1,1,19.5,#6464E0,18.75,#5F5FE0,20,#5555DE
David Blough,DET,QB,0,0,0,6000,4000,20,1,1,1,1,1,1,16,#8888E7,17.25,#7070E3,18.25,#6767E1
DeAndre Washington,MIA,RB,0,0,0,5400,4000,16,1,1,1,1,1,1,13.25,#A3A3EC,12.75,#A0A0EC,14.25,#9292E9
DeSean Jackson,PHI,WR,0,0,0,4500,3000,10,1,1,1,1,1,1,10,#C4C4F3,8.5,#CECEF5,9.5,#C4C4F3
Devonta Freeman,NYG,RB,0,0,0,5000,4600,13,1,1,1,1,1,1,14.5,#9797EA,12,#A8A8ED,13.75,#9797EA
Drew Brees,NO,QB,0,0,0,7500,6100,20,1,1,1,1,1,1,20.25,#5C5CDF,19.75,#5555DE,18.25,#6767E1
Dwayne Haskins,WSH,QB,0,0,0,,4400,20,1,1,1,1,1,1,16.5,#8383E6,,,18.25,#6767E1
Easton Stick,LAC,QB,0,0,0,6000,4000,20,1,1,1,1,1,1,16,#8888E7,17.25,#7070E3,18.25,#6767E1
Gardner Minshew,JAC,QB,0,0,0,7000,5600,24,1,1,1,1,1,1,19.5,#6464E0,18.75,#5F5FE0,19.75,#5757DE
Garrett Gilbert,DAL,QB,0,0,0,,,20,0,1,1,1,1,1,,,,,18.25,#6767E1
Geno Smith,SEA,QB,0,0,0,6000,4200,20,1,1,1,1,1,1,16,#8888E7,17.25,#7070E3,18.25,#6767E1
Irv Smith Jr.,MIN,TE,0,0,0,4900,3200,15,1,1,1,1,1,1,10.25,#C2C2F3,8.5,#CECEF5,9.75,#C2C2F3
Jake Luton,JAC,QB,0,0,0,6400,4600,20,1,1,1,1,1,1,17,#7D7DE5,17.5,#6D6DE2,18.25,#6767E1
Jameis Winston,NO,QB,0,0,0,7000,5700,22,1,1,1,1,1,1,19.5,#6464E0,18.75,#5F5FE0,19.5,#5A5ADF
Jarrett Stidham,NE,QB,0,0,0,6100,4700,20,1,1,1,1,1,1,17,#7D7DE5,17.5,#6D6DE2,18.25,#6767E1
Jeff Driskel,DEN,QB,0,0,0,,4600,20,1,1,0,1,1,1,17,#7D7DE5,,,18.25,#6767E1
Joe Flacco,NYJ,QB,0,0,0,6300,4900,21,1,1,1,1,1,1,18.25,#7171E3,17.5,#6D6DE2,18.5,#6565E1
Joe Mixon,CIN,RB,0,0,0,7400,6000,10,1,1,1,1,1,1,17,#7D7DE5,16.75,#7575E4,13.5,#9A9AEB
Jonnu Smith,TEN,TE,0,0,0,5700,4100,21,1,1,1,1,1,1,12.25,#ADADEE,9.75,#C0C0F2,11.25,#B2B2EF
Josh Jacobs,LV,RB,0,0,0,7800,7400,25,1,1,1,1,1,1,21,#5555DE,17.5,#6D6DE2,17,#7575E4
Josh McCown,HOU,QB,0,0,0,6000,4000,20,1,1,1,1,1,1,16,#8888E7,17.25,#7070E3,18.25,#6767E1
Joshua Dobbs,PIT,QB,0,0,0,,,,1,1,1,1,1,1,,,,,,
Julian Edelman,NE,WR,0,0,0,5500,4500,17,1,1,1,1,1,1,13.5,#A1A1EC,10.25,#BBBBF1,12.5,#A4A4ED
Justin Jackson,LAC,RB,0,0,0,5000,4000,11,1,1,1,1,1,1,13.25,#A3A3EC,12,#A8A8ED,13.5,#9A9AEB
K.J. Osborn,MIN,WR,0,0,0,4500,3000,10,1,1,1,1,1,1,10,#C4C4F3,8.5,#CECEF5,9.5,#C4C4F3
Kenny Golladay,DET,WR,0,0,0,7000,6000,25,1,1,1,1,1,1,17,#7D7DE5,13.75,#9595EA,15,#8A8AE8
Khadarel Hodge,CLE,WR,0,0,0,4600,3300,10,1,1,1,1,1,1,10.75,#BCBCF1,8.5,#CECEF5,9.5,#C4C4F3
La'Mical Perine,NYJ,RB,0,0,0,5400,4000,10,1,1,1,1,1,1,13.25,#A3A3EC,12.75,#A0A0EC,13.5,#9A9AEB
Logan Woodside,TEN,QB,0,0,0,6000,4100,20,1,1,1,1,1,1,16,#8888E7,17.25,#7070E3,18.25,#6767E1
Marcus Mariota,LV,QB,0,0,0,6000,4300,20,1,1,1,1,1,1,16,#8888E7,17.25,#7070E3,18.25,#6767E1
Mark Andrews,BAL,TE,0,0,0,,,22,1,0,1,1,1,1,,,,,11.25,#B2B2EF
Mason Rudolph,PIT,QB,0,0,0,,4100,20,1,1,1,1,1,1,16,#8888E7,,,18.25,#6767E1
Matt Breida,MIA,RB,0,0,0,5300,4400,13,1,1,1,1,1,1,14.5,#9797EA,12.75,#A0A0EC,13.75,#9797EA
Matt Schaub,ATL,QB,0,0,0,6000,4100,20,1,1,1,1,1,1,16,#8888E7,17.25,#7070E3,18.25,#6767E1
Nate Sudfeld,PHI,QB,0,0,0,6000,4000,20,1,1,1,1,1,1,16,#8888E7,17.25,#7070E3,18.25,#6767E1
Nathan Peterman,LV,QB,0,0,0,6000,4100,20,1,1,1,1,1,1,16,#8888E7,17.25,#7070E3,18.25,#6767E1
Nick Foles,CHI,QB,0,0,0,6900,5400,22,1,1,1,1,1,1,19.25,#6666E1,18.75,#5F5FE0,19.5,#5A5ADF
Nsimba Webster,LA,WR,0,0,0,4500,3000,10,1,1,1,1,1,1,10,#C4C4F3,8.5,#CECEF5,9.5,#C4C4F3
Olamide Zaccheaus,ATL,WR,0,0,0,4900,3400,10,1,1,1,1,1,1,11,#BABAF1,9,#C9C9F4,9.5,#C4C4F3
Parris Campbell,IND,WR,0,0,0,4500,3000,10,1,1,1,1,1,1,10,#C4C4F3,8.5,#CECEF5,9.5,#C4C4F3
Preston Williams,MIA,WR,0,0,0,4900,4100,13,1,1,1,1,1,1,12.25,#ADADEE,9,#C9C9F4,11,#B4B4F0
Randall Cobb,HOU,WR,0,0,0,5200,3000,10,1,1,1,1,1,1,10,#C4C4F3,9.75,#C0C0F2,9.5,#C4C4F3
Raymond Calais,LA,RB,0,0,0,4500,4000,10,1,1,1,1,1,1,13.25,#A3A3EC,11,#B3B3EF,13.5,#9A9AEB
Ryan Finley,CIN,QB,0,0,0,6300,4800,20,1,1,1,1,1,1,17,#7D7DE5,17.5,#6D6DE2,18.25,#6767E1
Salvon Ahmed,MIA,RB,0,0,0,5600,5000,18,1,1,1,1,1,1,15.5,#8D8DE8,13,#9D9DEB,15,#8A8AE8
Sean Mannion,MIN,QB,0,0,0,6000,4500,20,1,1,1,1,1,1,16.5,#8383E6,17.25,#7070E3,18.25,#6767E1
Tim Boyle,GB,QB,0,0,0,6000,4200,20,1,1,1,1,1,1,16,#8888E7,17.25,#7070E3,18.25,#6767E1
Trevor Siemian,NO,QB,0,0,0,6000,4000,20,1,1,1,1,1,1,16,#8888E7,17.25,#7070E3,18.25,#6767E1
Tyler Bray,CHI,QB,0,0,0,6000,5000,20,1,1,1,1,1,1,18.25,#7171E3,17.25,#7070E3,18.25,#6767E1
Tyrod Taylor,LAC,QB,0,0,0,6200,4800,20,1,1,1,1,1,1,17,#7D7DE5,17.5,#6D6DE2,18.25,#6767E1
Willie Snead,BAL,WR,0,0,0,,,15,1,0,1,1,1,1,,,,,11.5,#AFAFEF
Xavier Jones,LA,RB,0,0,0,4500,4000,10,1,1,1,1,1,1,13.25,#A3A3EC,11,#B3B3EF,13.5,#9A9AEB
