PLAYER,POSITION,TEAM,POINTS_FD,POINTS_DK,SALARY_FD,SALARY_DK,RUN_ATT,RUN_YDS,RUN_TDS,REC_ATT,REC_YDS,REC_TDS,PASS_YDS,PASS_TDS,PASS_INT
Josh Allen,QB,BUF,27.22,27.5,8800,8100,8.89,41.07,0.61,0,0,0,289.76,2.26,0.76
Patrick Mahomes,QB,KC,24.23,24.45,8400,7900,5.97,26.15,0.27,0,0,0,275.27,2.49,0.66
Jalen Hurts,QB,PHI,23.66,24.1,8400,7200,9.61,40.69,0.49,0,0,0,278.2,1.75,0.72
Kyler Murray,QB,ARI,22.76,23.07,8500,8300,7.2,36.47,0.41,0,0,0,253.85,1.94,0.74
Matthew Stafford,QB,LA,22.67,22.81,8200,7600,2.85,10.35,0.15,0,0,0,299.42,2.39,0.64
Dak Prescott,QB,DAL,21.7,21.94,8200,7300,3.55,15.61,0.11,0,0,0,296.12,2.16,0.65
Justin Herbert,QB,LAC,20.95,21.17,7900,7300,4.54,19.1,0.26,0,0,0,258.06,2.05,0.72
Tom Brady,QB,TB,20.04,20.17,8300,7400,1.75,4.46,0.07,0,0,0,279.03,2.2,0.65
Joe Burrow,QB,CIN,20.05,20.23,7800,7100,3.58,14.85,0.2,0,0,0,265.37,1.93,0.71
Derrick Henry,RB,TEN,20.14,24.03,10500,8900,22.93,115.92,0.93,1.76,14.23,0.11,0,0,0
Daniel Jones,QB,NYG,19.52,19.96,7300,5600,5.75,27.24,0.31,0,0,0,270.3,1.42,0.78
Aaron Rodgers,QB,GB,18.79,18.89,7700,7400,2.92,14.71,0.09,0,0,0,261.06,1.69,0.32
Kirk Cousins,QB,MIN,19.2,19.38,7600,6500,1.34,5.44,0.06,0,0,0,277.22,2.04,0.71
Ryan Tannehill,QB,TEN,18.85,19.05,7500,6600,3.23,14.72,0.15,0,0,0,260.83,1.77,0.74
Carson Wentz,QB,IND,17.77,18.11,7200,5700,3.41,14.25,0.15,0,0,0,249.01,1.68,0.66
Alvin Kamara,RB,NO,19.05,21.28,8400,8700,16.25,74.75,0.64,4.44,39.94,0.25,0,0,0
Sam Darnold,QB,CAR,17.4,17.69,7300,5600,4.34,19.46,0.22,0,0,0,246.58,1.43,0.97
Matt Ryan,QB,ATL,16.95,17.17,7200,5900,2.17,8.03,0.1,0,0,0,244.13,1.69,0.64
Teddy Bridgewater,QB,DEN,17.04,17.2,7000,5400,3.78,16.92,0.2,0,0,0,236.67,1.41,0.74
Nick Chubb,RB,CLE,17.12,21.08,8000,6800,20.01,100.11,0.73,1.78,13.63,0.1,0,0,0
Trevor Lawrence,QB,JAC,16.87,17.09,6700,5500,4.57,19.79,0.18,0,0,0,243.31,1.3,0.78
Darrell Henderson,RB,LA,17.05,18.2,7700,6500,18.23,83.88,0.73,2.27,20.67,0.18,0,0,0
Dalvin Cook,RB,MIN,17.74,19.75,9200,8000,17.13,82.11,0.65,3.67,28.97,0.2,0,0,0
Mac Jones,QB,NE,16.43,16.59,6900,5200,2.49,10.89,0.11,0,0,0,242.77,1.48,0.73
Jameis Winston,QB,NO,16.71,16.94,7400,6000,3.54,15.02,0.13,0,0,0,252.24,1.45,1.1
Taylor Heinicke,QB,WSH,16.48,16.69,7000,5300,4.9,22.26,0.25,0,0,0,240.56,1.13,1.07
Geno Smith,QB,SEA,16.41,16.61,7000,5300,3.43,14.81,0.19,0,0,0,239.48,1.41,1.13
Tyrod Taylor,QB,HOU,15.77,15.92,6300,4900,5.42,26.1,0.23,0,0,0,216.84,0.97,0.55
Jared Goff,QB,DET,15.91,16.17,6800,5200,1.77,6.93,0.09,0,0,0,248.55,1.48,0.77
Tua Tagovailoa,QB,MIA,15.74,15.88,7100,5500,3.26,14.21,0.15,0,0,0,228.43,1.31,0.78
Ezekiel Elliott,RB,DAL,16.24,17.8,8500,7300,15.02,71.18,0.79,2.79,21.51,0.19,0,0,0
Najee Harris,RB,PIT,16.98,19.41,9000,7500,17,73.22,0.44,4.75,33.86,0.22,0,0,0
Justin Fields,QB,CHI,15.18,15.54,6400,5000,6.33,27.97,0.22,0,0,0,201.18,1.08,0.66
D'Andre Swift,RB,DET,16.8,19.54,7900,7100,12.93,55.51,0.53,5.27,41.1,0.25,0,0,0
Ben Roethlisberger,QB,PIT,14.74,14.96,6600,5400,1.46,5.04,0.05,0,0,0,237.39,1.39,0.78
Austin Ekeler,RB,LAC,16.04,18.31,8700,7900,14.43,66.53,0.45,4.23,31.1,0.29,0,0,0
Cooper Kupp,WR,LA,17.64,21.42,9200,9000,0,0,0,7.42,94.34,0.77,0,0,0
Jonathan Taylor,RB,IND,15.11,16.44,8500,7200,15.21,72.29,0.64,2.46,20.91,0.15,0,0,0
Tyreek Hill,WR,KC,16.91,20.17,8200,8300,1.22,6.87,0.07,6.42,76.9,0.83,0,0,0
Davante Adams,WR,GB,17.04,20.99,8700,8600,0,0,0,7.77,92.38,0.67,0,0,0
James Robinson,RB,JAC,14.18,15.61,8200,6600,16.99,76.18,0.49,2.55,19.23,0.12,0,0,0
Chuba Hubbard,RB,CAR,14.54,16.25,6600,6000,16.85,69.35,0.5,3.27,22.92,0.13,0,0,0
Joe Mixon,RB,CIN,13.97,15.13,7600,6900,16.45,70.48,0.55,2.23,16.82,0.15,0,0,0
Jimmy Garoppolo,QB,SF,13.31,13.47,6900,5600,1.73,6.45,0.06,0,0,0,209.1,1.2,0.62
Stefon Diggs,WR,BUF,15.53,18.76,7300,8100,0,0,0,6.38,85.55,0.64,0,0,0
Cordarrelle Patterson,RB,ATL,13.62,15.02,7300,6200,12.88,61.67,0.5,2.69,22.72,0.15,0,0,0
Aaron Jones,RB,GB,14.07,15.9,8000,6900,12.17,60.67,0.42,3.48,27.42,0.19,0,0,0
Mike White,QB,NYJ,13.3,13.46,,5000,2.37,10.38,0.08,0,0,0,226.69,1.01,1.11
Justin Jefferson,WR,MIN,14.98,18.16,7700,8200,0,0,0,6.25,84.57,0.58,0,0,0
Deebo Samuel,WR,SF,14.65,17.68,7800,7400,1.16,6.74,0.05,5.88,85.52,0.39,0,0,0
A.J. Brown,WR,TEN,14.51,17.4,7600,6900,0,0,0,5.68,81.48,0.6,0,0,0
Leonard Fournette,RB,TB,13,14.68,7200,6300,13.76,54.54,0.45,3.23,22.34,0.18,0,0,0
D.J. Moore,WR,CAR,14.34,17.4,7700,7200,0.53,3.23,0.02,6.03,85.44,0.4,0,0,0
Ja'Marr Chase,WR,CIN,13.93,16.63,8200,7500,0,0,0,5.32,80.89,0.54,0,0,0
Travis Kelce,TE,KC,14.61,18.02,8000,7500,0,0,0,6.74,75.23,0.63,0,0,0
CeeDee Lamb,WR,DAL,14.04,16.88,7800,7800,0.55,3.08,0.02,5.58,75.39,0.56,0,0,0
Antonio Gibson,RB,WSH,11.91,12.99,6200,5700,14.15,62.9,0.53,1.82,13.65,0.08,0,0,0
Darrel Williams,RB,KC,11.68,12.57,6200,5600,14.1,58.62,0.54,1.66,12.44,0.1,0,0,0
Khalil Herbert,RB,CHI,11.49,12.21,6500,5400,17.27,72.34,0.41,1.27,10.01,0.05,0,0,0
Mike Williams,WR,LAC,13,15.48,7600,7700,0,0,0,4.94,70.52,0.58,0,0,0
DeAndre Hopkins,WR,ARI,13.62,16.81,7700,7400,0,0,0,6.28,73.17,0.54,0,0,0
Calvin Ridley,WR,ATL,13.02,15.99,7000,6600,0,0,0,5.91,70.24,0.51,0,0,0
Alex Collins,RB,SEA,10.68,11.51,7000,5300,13.05,56.07,0.54,1.42,10.46,0.05,0,0,0
DeVonta Smith,WR,PHI,12.48,14.99,6200,5500,0,0,0,4.95,73.64,0.45,0,0,0
Robert Woods,WR,LA,12.53,15.19,6800,6300,0.85,4.87,0.04,5.25,63.4,0.48,0,0,0
Melvin Gordon,RB,DEN,10.56,11.36,6000,5200,12.59,54.21,0.51,1.52,8.99,0.08,0,0,0
Kenneth Gainwell,RB,PHI,11.31,12.92,5900,5000,9.61,41.18,0.31,3.03,27.14,0.21,0,0,0
Amari Cooper,WR,DAL,12.36,14.97,6900,6100,0,0,0,5.21,67.99,0.49,0,0,0
Elijah Mitchell,RB,SF,10.35,11.07,5800,,14.44,61.72,0.39,1.28,10.37,0.05,0,0,0
D.K. Metcalf,WR,SEA,12.35,15.05,7400,6800,0,0,0,5.26,73.77,0.41,0,0,0
Chris Godwin,WR,TB,12.34,15.01,7200,6400,0,0,0,5.29,68.52,0.48,0,0,0
Michael Carter,RB,NYJ,11.15,12.77,5700,4900,12.31,52.7,0.32,3.02,20.94,0.09,0,0,0
Damien Harris,RB,NE,10.11,10.77,6900,6100,13.63,63.12,0.4,1.09,7.7,0.05,0,0,0
Terry McLaurin,WR,WSH,12.03,14.75,7400,7600,0,0,0,5.4,73.07,0.34,0,0,0
Tee Higgins,WR,CIN,11.87,14.56,6300,5200,0,0,0,5.31,65.72,0.45,0,0,0
Adam Thielen,WR,MIN,11.84,14.46,7600,7000,0,0,0,5.18,61.07,0.53,0,0,0
Mike Evans,WR,TB,11.41,13.65,7500,7000,0,0,0,4.48,62.14,0.49,0,0,0
Saquon Barkley,RB,NYG,10.46,11.85,6500,7000,9.59,43.66,0.31,2.72,21.36,0.13,0,0,0
Javonte Williams,RB,DEN,10.49,11.92,5900,5300,10.49,45.78,0.34,2.72,17.32,0.15,0,0,0
Myles Gaskin,RB,MIA,10.72,12.48,5700,5600,11.24,47.53,0.25,3.26,23.32,0.12,0,0,0
Michael Pittman Jr.,WR,IND,11.44,13.9,6600,5300,0,0,0,4.88,65.63,0.41,0,0,0
Zack Moss,RB,BUF,9.66,10.56,6100,5200,10.97,46.47,0.39,1.65,13.87,0.1,0,0,0
James Conner,RB,ARI,9.24,9.84,6100,5400,11.52,49.05,0.51,1,6.54,0.05,0,0,0
Diontae Johnson,WR,PIT,11.59,14.55,7500,6700,0.49,2.72,0.02,5.71,62.62,0.38,0,0,0
Keenan Allen,WR,LAC,11.6,14.6,6900,6500,0,0,0,5.89,59.31,0.47,0,0,0
Brandin Cooks,WR,HOU,11.25,13.96,6000,5700,0,0,0,5.42,68.41,0.28,0,0,0
Chase Edmonds,RB,ARI,9.7,11.28,5800,5300,7.92,34.9,0.26,3.08,21.52,0.17,0,0,0
Courtland Sutton,WR,DEN,10.56,12.97,7100,6400,0,0,0,4.77,62.33,0.33,0,0,0
Marvin Jones,WR,JAC,10.49,12.79,6400,5900,0,0,0,4.59,60.75,0.35,0,0,0
Tyler Lockett,WR,SEA,10.28,12.83,6600,6100,0,0,0,5.03,57.05,0.35,0,0,0
Emmanuel Sanders,WR,BUF,9.49,11.38,6700,5400,0,0,0,3.73,54.28,0.37,0,0,0
Jamaal Williams,RB,DET,8.34,9.17,5600,4700,10.14,41.6,0.29,1.66,11.14,0.08,0,0,0
Jakobi Meyers,WR,NE,10.28,13.06,5700,5100,0,0,0,5.51,58.08,0.29,0,0,0
Kyle Pitts,TE,ATL,9.62,11.93,6800,6300,0,0,0,4.56,52.83,0.35,0,0,0
Jerry Jeudy,WR,DEN,9.56,11.8,6000,4900,0,0,0,4.4,56.16,0.3,0,0,0
Devin Singletary,RB,BUF,8.3,9.42,5500,4600,8.89,40.04,0.25,1.95,13.99,0.12,0,0,0
Dallas Goedert,TE,PHI,9.26,11.26,5900,4700,0,0,0,3.92,52.01,0.36,0,0,0
Baker Mayfield,QB,CLE,7.5,7.61,6500,5500,1.29,5.55,0.05,0,0,0,111.8,0.68,0.37
Jaylen Waddle,WR,MIA,9.64,12.23,6400,5600,0.45,2.67,0.01,5.08,49.29,0.32,0,0,0
Chase Claypool,WR,PIT,8.97,10.91,6500,6300,0.49,2.69,0.02,3.79,51.44,0.27,0,0,0
Julio Jones,WR,TEN,9.02,11,6500,5800,0,0,0,3.93,54.52,0.27,0,0,0
J.D. McKissic,RB,WSH,8.63,10.32,5400,5100,6.53,28.11,0.18,3.22,25.48,0.12,0,0,0
Tony Pollard,RB,DAL,7.84,8.86,5600,5000,8.19,37.13,0.2,1.96,14.26,0.1,0,0,0
Mark Ingram,RB,HOU,7.2,7.67,5300,4100,9.04,40.68,0.3,0.92,6.92,0.03,0,0,0
Cole Beasley,WR,BUF,8.57,10.45,6100,4900,0,0,0,3.75,45.79,0.35,0,0,0
T.J. Hockenson,TE,DET,9.03,11.45,6200,5400,0,0,0,4.78,46.39,0.34,0,0,0
Mike Davis,RB,ATL,7.53,8.5,5500,5000,8.67,34.72,0.27,1.88,10.78,0.08,0,0,0
Laviska Shenault,WR,JAC,8.63,10.67,5800,4700,0.78,4.2,0.03,4.06,47.35,0.21,0,0,0
Allen Robinson,WR,CHI,8.65,10.72,5600,4900,0,0,0,4.13,50.07,0.26,0,0,0
Robby Anderson,WR,CAR,8.72,10.94,5700,4700,0,0,0,4.39,48.24,0.29,0,0,0
Case Keenum,QB,CLE,6.7,6.81,6400,4900,1.29,5.45,0.05,0,0,0,97.51,0.62,0.35
Marquez Callaway,WR,NO,8.18,9.96,5900,5400,0,0,0,3.54,49.68,0.24,0,0,0
Darnell Mooney,WR,CHI,8.45,10.61,5700,4800,0,0,0,4.27,48.99,0.24,0,0,0
Corey Davis,WR,NYJ,8.38,10.44,6100,5200,0,0,0,4.04,51.58,0.21,0,0,0
Jarvis Landry,WR,CLE,8.14,9.99,6000,5000,0.65,3.47,0.05,3.64,43.32,0.23,0,0,0
Mike Gesicki,TE,MIA,8.4,10.59,6300,5000,0,0,0,4.32,46.64,0.27,0,0,0
Dalton Schultz,TE,DAL,8.09,10.08,6100,5200,0,0,0,3.95,43.33,0.3,0,0,0
Christian Kirk,WR,ARI,7.9,9.73,6400,5100,0,0,0,3.64,42.75,0.3,0,0,0
Van Jefferson,WR,LA,7.39,8.88,5700,3900,0,0,0,2.95,41.16,0.3,0,0,0
Tyler Higbee,TE,LA,7.53,9.19,5300,4500,0,0,0,3.28,38.12,0.35,0,0,0
Odell Beckham,WR,CLE,7.43,9.02,5700,4600,0,0,0,3.12,41.12,0.3,0,0,0
Tyler Boyd,WR,CIN,7.68,9.61,5800,4800,0,0,0,3.8,40.78,0.29,0,0,0
Jamison Crowder,WR,NYJ,7.9,10.06,5600,4800,0,0,0,4.31,44.67,0.21,0,0,0
Alexander Mattison,RB,MIN,6.36,7.06,6000,5600,7.49,32.82,0.18,1.36,10,0.06,0,0,0
Salvon Ahmed,RB,MIA,6.63,7.67,5100,4000,7.53,27.79,0.18,2.01,14.84,0.06,0,0,0
Kadarius Toney,WR,NYG,7.19,8.72,5500,4900,0.96,5.41,0.05,3.05,38.03,0.17,0,0,0
Quez Watkins,WR,PHI,7.05,8.45,5300,4000,0,0,0,2.77,44.08,0.21,0,0,0
Samaje Perine,RB,CIN,6.12,6.66,5700,4900,7.44,30.45,0.24,1.03,8,0.06,0,0,0
Zach Pascal,WR,IND,7.07,8.6,5300,4400,0,0,0,3.05,40.44,0.25,0,0,0
K.J. Osborn,WR,MIN,7.14,8.76,5500,3800,0,0,0,3.18,40.32,0.26,0,0,0
A.J. Green,WR,ARI,7.01,8.5,5600,4900,0,0,0,2.92,36.1,0.33,0,0,0
Nelson Agholor,WR,NE,7,8.51,5400,4000,0.52,2.91,0.02,2.95,38.94,0.21,0,0,0
Rondale Moore,WR,ARI,6.94,8.4,5400,4000,1.01,5.69,0.05,2.85,33.67,0.22,0,0,0
Brandon Aiyuk,WR,SF,6.85,8.28,5700,4200,0.58,3.36,0.02,2.81,36.89,0.22,0,0,0
David Johnson,RB,HOU,6.74,8.1,5100,4200,4.82,19.1,0.13,2.59,22.1,0.11,0,0,0
Amon-Ra St. Brown,WR,DET,7.22,9.05,5100,3900,0,0,0,3.64,41.41,0.21,0,0,0
Rashaad Penny,RB,SEA,5.78,6.28,6000,4000,7.28,28.86,0.26,0.95,7.35,0.03,0,0,0
Antonio Brown,WR,TB,6.77,8.19,7300,6100,0,0,0,2.82,35.58,0.3,0,0,0
Kalif Raymond,WR,DET,6.9,8.59,5700,5300,0,0,0,3.23,41.6,0.21,0,0,0
Jalen Reagor,WR,PHI,6.66,8.1,5500,4100,0,0,0,2.83,39.6,0.22,0,0,0
Nyheim Hines,RB,IND,6.58,7.93,5600,4500,3.93,16.45,0.14,2.67,19.96,0.13,0,0,0
Sony Michel,RB,LA,5.54,5.97,5200,4000,6.55,29.11,0.22,0.78,7.01,0.05,0,0,0
Kenny Golladay,WR,NYG,6.47,7.76,5800,5500,0,0,0,2.56,41.14,0.18,0,0,0
Jared Cook,TE,LAC,6.48,7.88,5200,3400,0,0,0,2.77,36.55,0.24,0,0,0
Ronald Jones,RB,TB,5.36,5.78,5200,4100,7.01,29.8,0.25,0.69,5.14,0.03,0,0,0
Jonnu Smith,TE,NE,6.32,7.64,4800,2800,0.52,2.87,0.06,2.6,29.15,0.25,0,0,0
Devontae Booker,RB,NYG,5.28,5.71,6200,5800,7.19,29.59,0.2,0.82,5.72,0.03,0,0,0
Tommy Sweeney,TE,BUF,6.23,7.58,4300,2900,0,0,0,2.66,30.57,0.31,0,0,0
Tre'Quan Smith,WR,NO,6.15,7.43,5500,3900,0,0,0,2.53,37.45,0.19,0,0,0
Ricky Seals-Jones,TE,WSH,6.4,7.95,5400,3800,0,0,0,3.05,36.35,0.21,0,0,0
Ty Johnson,RB,NYJ,5.57,6.37,5300,4400,6.39,27.68,0.15,1.5,9.48,0.05,0,0,0
Hunter Henry,TE,NE,6.29,7.86,5500,4200,0,0,0,3.12,32.3,0.25,0,0,0
D'Ernest Johnson,RB,CLE,5.17,5.65,6700,5400,6.45,27.75,0.19,0.87,6.78,0.04,0,0,0
Sterling Shepard,WR,NYG,6.46,8.18,6500,5300,0,0,0,3.44,35.78,0.19,0,0,0
Noah Fant,TE,DEN,6.53,8.43,5800,4900,0,0,0,3.76,33.49,0.22,0,0,0
Elijah Moore,WR,NYJ,6.13,7.58,5200,3900,0.71,4.11,0.03,2.89,32.49,0.14,0,0,0
A.J. Dillon,RB,GB,5.02,5.54,5100,4200,6.82,29.57,0.14,0.91,6.67,0.04,0,0,0
Zach Ertz,TE,ARI,6.25,7.94,5700,4400,0,0,0,3.33,31.09,0.25,0,0,0
Tyler Conklin,TE,MIN,6.04,7.57,5300,3200,0,0,0,3.02,31.14,0.24,0,0,0
Darius Slayton,WR,NYG,5.8,7.08,5700,4800,0,0,0,2.54,35.1,0.17,0,0,0
Dan Arnold,TE,JAC,5.92,7.38,4900,2800,0,0,0,2.84,35.43,0.17,0,0,0
Deonte Harris,WR,NO,5.52,6.81,5400,3600,0,0,0,2.48,32.81,0.18,0,0,0
Josh Reynolds,WR,TEN,5.41,6.63,5200,3000,0,0,0,2.39,29.77,0.21,0,0,0
Boston Scott,RB,PHI,4.95,5.82,5800,4400,4.12,15.74,0.14,1.55,14.04,0.09,0,0,0
Marquez Valdes-Scantling,WR,GB,5.17,6.23,5000,3600,0,0,0,2.11,31.53,0.16,0,0,0
Robert Tonyan,TE,GB,5.51,6.95,5400,3800,0,0,0,2.87,29.3,0.19,0,0,0
DeSean Jackson,WR,LA,4.87,5.7,5200,3300,0,0,0,1.65,28.48,0.2,0,0,0
Evan Engram,TE,NYG,5.54,7.06,5200,3900,0,0,0,3,29.79,0.18,0,0,0
Adam Humphries,WR,WSH,5.45,6.92,5100,3400,0,0,0,2.88,32.68,0.13,0,0,0
Kenny Stills,WR,NO,4.94,5.93,,3200,0,0,0,1.94,29.34,0.18,0,0,0
Khadarel Hodge,WR,DET,5.19,6.46,4800,3000,0,0,0,2.51,29.94,0.16,0,0,0
Trey Lance,QB,SF,4.12,4.22,6900,5400,2.89,11.95,0.1,0,0,0,45.51,0.22,0.2
Randall Cobb,WR,GB,5.08,6.3,5300,3500,0,0,0,2.37,29.39,0.17,0,0,0
Russell Gage,WR,ATL,5.26,6.64,5600,4200,0,0,0,2.74,28.69,0.17,0,0,0
Mecole Hardman,WR,KC,4.73,5.7,5300,3900,0.81,4.43,0.04,1.83,22.13,0.17,0,0,0
Mo Alie-Cox,TE,IND,4.93,6.05,5100,3200,0,0,0,2.2,25.49,0.22,0,0,0
JaMycal Hasty,RB,SF,4.54,5.35,5000,4300,4.33,15.89,0.12,1.52,12.13,0.06,0,0,0
C.J. Uzomah,TE,CIN,4.84,5.95,5700,3700,0,0,0,2.2,24.35,0.22,0,0,0
Damien Williams,RB,CHI,4.53,5.31,5500,5300,4.32,16.4,0.12,1.49,11.28,0.06,0,0,0
O.J. Howard,TE,TB,4.71,5.73,4800,3000,0,0,0,1.98,25.16,0.21,0,0,0
Danny Amendola,WR,HOU,4.93,6.3,4900,3000,0,0,0,2.7,30.02,0.1,0,0,0
Ross Dwelley,TE,SF,4.61,5.73,5000,2800,0,0,0,2.21,23.44,0.2,0,0,0
Preston Williams,WR,MIA,4.69,5.88,5100,3100,0,0,0,2.34,26.37,0.15,0,0,0
Michael Gallup,WR,DAL,4.31,5.15,5000,4100,0,0,0,1.68,25.12,0.16,0,0,0
Jerick McKinnon,RB,KC,4.34,5.22,4900,4000,2.71,10.76,0.08,1.76,13.05,0.1,0,0,0
DeVante Parker,WR,MIA,4.57,5.7,5700,4900,0,0,0,2.25,26,0.14,0,0,0
Cameron Brate,TE,TB,4.48,5.59,4400,3000,0,0,0,2.17,19.99,0.24,0,0,0
Cole Kmet,TE,CHI,4.66,5.94,4700,3100,0,0,0,2.51,24.09,0.17,0,0,0
J.J. Taylor,RB,NE,3.69,4,5100,4200,5.5,20.61,0.16,0.53,3.79,0.02,0,0,0
Tim Patrick,WR,DEN,4.51,5.63,5800,4700,0,0,0,2.21,26.45,0.13,0,0,0
Joshua Kelley,RB,LAC,3.66,3.99,5100,4000,5.34,19.37,0.16,0.55,4.09,0.03,0,0,0
Gabriel Davis,WR,BUF,4.16,4.93,4700,3300,0,0,0,1.53,23.31,0.18,0,0,0
Austin Hooper,TE,CLE,4.54,5.78,4800,3100,0,0,0,2.47,23.49,0.16,0,0,0
Allen Lazard,WR,GB,4.32,5.35,5700,4300,0,0,0,2.05,24.73,0.14,0,0,0
Kyle Juszczyk,RB,SF,4.16,5.08,4500,4200,2.17,7.89,0.06,1.72,17.87,0.08,0,0,0
Kendrick Bourne,WR,NE,4.3,5.34,5600,4500,0,0,0,2.05,25.16,0.13,0,0,0
T.Y. Hilton,WR,IND,4.14,5.07,6200,4900,0,0,0,1.83,24.05,0.14,0,0,0
Mohamed Sanu,WR,SF,4.28,5.36,5000,3100,0,0,0,2.14,23.94,0.14,0,0,0
Nico Collins,WR,HOU,4.28,5.37,5100,3200,0,0,0,2.17,25.51,0.11,0,0,0
Jordan Howard,RB,PHI,3.4,3.64,5000,4000,4.12,17.17,0.15,0.46,3.96,0.03,0,0,0
Brandon Bolden,RB,NE,4.1,5.07,5500,4500,1.97,8.62,0.06,1.93,14.52,0.08,0,0,0
Denzel Mims,WR,NYJ,4.12,5.21,4900,3000,0,0,0,2.12,25.23,0.1,0,0,0
Phillip Lindsay,RB,HOU,3.3,3.58,4700,4000,4.34,19.2,0.11,0.54,3.51,0.02,0,0,0
Terrace Marshall Jr.,WR,CAR,4.05,5.08,4900,3200,0,0,0,2.03,22.79,0.13,0,0,0
Hayden Hurst,TE,ATL,4.05,5.1,4700,2900,0,0,0,2.06,20.39,0.17,0,0,0
Anthony Firkser,TE,TEN,4.06,5.1,4800,2700,0,0,0,2.06,21.45,0.15,0,0,0
Marlon Mack,RB,IND,3.28,3.57,5300,4000,3.67,15.56,0.13,0.59,4.67,0.03,0,0,0
Gerald Everett,TE,SEA,4.04,5.09,4800,3300,0,0,0,2.09,21.11,0.15,0,0,0
Trent Sherfield,WR,SF,3.79,4.65,4900,3000,0,0,0,1.69,21.88,0.13,0,0,0
Byron Pringle,WR,KC,3.77,4.65,5300,3700,0,0,0,1.72,19.88,0.16,0,0,0
Jamal Agnew,WR,JAC,3.73,4.64,5300,3700,0.65,3.52,0.02,1.7,19.85,0.09,0,0,0
Jordan Akins,TE,HOU,3.92,4.95,4600,2500,0,0,0,2.03,22.06,0.12,0,0,0
Adam Trautman,TE,NO,3.7,4.58,4500,2700,0,0,0,1.75,20.6,0.13,0,0,0
Pat Freiermuth,TE,PIT,3.73,4.75,4900,3600,0,0,0,2.01,19.08,0.14,0,0,0
Ashton Dulin,WR,IND,3.48,4.31,4900,3000,0,0,0,1.61,20.12,0.12,0,0,0
Ian Thomas,TE,CAR,3.61,4.58,4300,2900,0,0,0,1.93,17.61,0.15,0,0,0
Juwan Johnson,TE,NO,3.46,4.29,5000,3500,0,0,0,1.64,17.62,0.15,0,0,0
Royce Freeman,RB,CAR,3,3.4,4800,4000,3.55,13.27,0.1,0.8,4.9,0.03,0,0,0
N'Keal Harry,WR,NE,3.4,4.3,4800,3000,0,0,0,1.77,18.16,0.12,0,0,0
Geronimo Allison,WR,DET,3.37,4.26,4700,3000,0,0,0,1.7,19.38,0.11,0,0,0
DeeJay Dallas,RB,SEA,3.17,3.86,5600,5000,2.2,8.04,0.08,1.33,9.8,0.05,0,0,0
Tyler Johnson,WR,TB,3.17,3.88,4900,3100,0,0,0,1.4,17.67,0.12,0,0,0
Rashard Higgins,WR,CLE,3.09,3.79,5000,3100,0,0,0,1.35,18.56,0.1,0,0,0
DeAndre Carter,WR,WSH,3.15,3.98,4800,3000,0,0,0,1.55,20.14,0.08,0,0,0
Donovan Peoples-Jones,WR,CLE,2.99,3.65,5300,4200,0,0,0,1.3,18.15,0.09,0,0,0
Marquise Goodwin,WR,CHI,2.95,3.55,4800,3000,0,0,0,1.18,18.37,0.09,0,0,0
Damiere Byrd,WR,CHI,3.11,3.9,4700,3000,0,0,0,1.54,18.37,0.09,0,0,0
Jack Doyle,TE,IND,3.08,3.84,4500,2600,0,0,0,1.49,15.34,0.14,0,0,0
Taysom Hill,QB,NO,2.72,3.23,6100,5100,2.36,10.62,0.11,0.8,6.33,0.03,0,0,0
Pharaoh Brown,TE,HOU,3.09,3.93,4500,2700,0,0,0,1.65,16.87,0.1,0,0,0
Demarcus Robinson,WR,KC,2.93,3.59,5200,3000,0,0,0,1.31,15.12,0.13,0,0,0
John Ross,WR,NYG,2.91,3.58,5200,3200,0,0,0,1.31,16.93,0.1,0,0,0
Blake Jarwin,TE,DAL,2.96,3.64,4700,2900,0,0,0,1.34,15.25,0.13,0,0,0
Dante Pettis,WR,NYG,2.89,3.6,5500,3500,0,0,0,1.36,17.28,0.09,0,0,0
Darrynton Evans,RB,TEN,2.72,3.23,5100,4000,2.35,8.4,0.06,0.99,7.63,0.05,0,0,0
Olamide Zaccheaus,WR,ATL,2.88,3.56,5100,3400,0,0,0,1.34,16.32,0.1,0,0,0
Freddie Swain,WR,SEA,2.88,3.61,5000,3200,0,0,0,1.44,16.42,0.09,0,0,0
James Washington,WR,PIT,2.76,3.37,5100,3800,0,0,0,1.21,16.92,0.08,0,0,0
Ty Montgomery,RB,NO,2.71,3.31,5500,3000,1.7,6.5,0.04,1.17,9.74,0.05,0,0,0
Cedrick Wilson,WR,DAL,2.7,3.31,5400,4000,0,0,0,1.19,14.68,0.11,0,0,0
Dax Milne,WR,WSH,2.74,3.41,4900,3000,0,0,0,1.31,17.01,0.07,0,0,0
Keelan Cole,WR,NYJ,2.73,3.45,5000,,0,0,0,1.4,16.47,0.07,0,0,0
Travis Homer,RB,SEA,2.63,3.25,5500,4600,1.51,5.68,0.05,1.21,9.39,0.04,0,0,0
Giovani Bernard,RB,TB,2.68,3.39,4900,4000,1.25,4.93,0.03,1.37,9.42,0.07,0,0,0
Eric Ebron,TE,PIT,2.72,3.45,4700,3100,0,0,0,1.43,14.28,0.1,0,0,0
Carlos Hyde,RB,JAC,2.43,2.79,5000,4100,2.61,10.44,0.07,0.71,4.48,0.03,0,0,0
Isaiah McKenzie,WR,BUF,2.37,2.74,4600,3000,0.89,5.26,0.07,0.66,7.58,0.07,0,0,0
Mack Hollins,WR,MIA,2.72,3.46,5200,3000,0,0,0,1.46,15.33,0.08,0,0,0
Jalen Guyton,WR,LAC,2.56,3.11,4800,3200,0,0,0,1.09,14.3,0.1,0,0,0
Wayne Gallman,RB,ATL,2.28,2.56,4700,4000,2.71,10.83,0.09,0.52,3.17,0.02,0,0,0
Jeremy McNichols,RB,TEN,2.69,3.44,5000,4200,0.88,3.19,0.02,1.48,11.11,0.07,0,0,0
Jason Croom,TE,PHI,2.53,3.09,4000,2500,0,0,0,1.1,12.81,0.12,0,0,0
Josh Gordon,WR,KC,2.43,2.9,5000,3000,0,0,0,0.94,13.61,0.1,0,0,0
Phillip Dorsett,WR,SEA,2.57,3.22,4600,3000,0,0,0,1.27,14.92,0.08,0,0,0
Justin Jackson,RB,LAC,2.46,3.01,4900,4000,1.34,5.79,0.04,1.09,7.96,0.05,0,0,0
Jacob Hollister,TE,JAC,2.63,3.36,4300,2500,0,0,0,1.43,13.35,0.1,0,0,0
David Njoku,TE,CLE,2.41,2.96,4700,3000,0,0,0,1.11,13.12,0.09,0,0,0
Kalen Ballage,RB,PIT,2.27,2.68,4900,4000,2.43,8.49,0.06,0.79,5.1,0.03,0,0,0
Donald Parham Jr.,TE,LAC,2.42,2.99,4700,2600,0,0,0,1.11,11.69,0.12,0,0,0
Tommy Tremble,TE,CAR,2.41,3.04,4600,2600,0,0,0,1.23,12.17,0.1,0,0,0
Demetric Felton,RB,CLE,2.33,2.9,5300,4500,1.29,4.67,0.04,1.1,8.77,0.04,0,0,0
Dede Westbrook,WR,MIN,2.32,2.91,4700,3000,0,0,0,1.14,11.85,0.1,0,0,0
Cam Sims,WR,WSH,2.22,2.74,4600,3000,0,0,0,1.01,13.76,0.06,0,0,0
Kylin Hill,RB,GB,1.92,2.2,4600,4000,2.43,8.93,0.05,0.52,3.83,0.02,0,0,0
Geoff Swaim,TE,TEN,2.2,2.8,4200,2500,0,0,0,1.17,10.39,0.1,0,0,0
John Brown,WR,DEN,2.1,2.58,4500,3000,0,0,0,0.96,12.02,0.07,0,0,0
Isaiah Ford,WR,MIA,2.22,2.87,5000,3000,0,0,0,1.25,12.15,0.07,0,0,0
Derrick Gore,RB,KC,1.92,2.29,,4000,1.49,5.43,0.05,0.7,5.23,0.04,0,0,0
Shi Smith,WR,CAR,2.05,2.58,,3000,0,0,0,1.02,12.17,0.06,0,0,0
Marcus Johnson,WR,TEN,1.92,2.34,4800,3000,0,0,0,0.82,11.12,0.07,0,0,0
Will Dissly,TE,SEA,1.92,2.39,4700,2500,0,0,0,0.92,9.98,0.08,0,0,0
Ameer Abdullah,RB,CAR,1.99,2.53,4600,4000,1.05,3.94,0.03,1.04,6.94,0.04,0,0,0
Dwayne Washington,RB,NO,1.74,2.03,4500,4000,1.7,5.97,0.04,0.59,4.87,0.02,0,0,0
Charlie Woerner,TE,SF,1.84,2.29,4000,2500,0,0,0,0.88,9.43,0.08,0,0,0
Tevin Coleman,RB,NYJ,1.61,1.85,5000,4000,1.42,6.15,0.04,0.49,3.88,0.02,0,0,0
Jaret Patterson,RB,WSH,1.61,1.85,4800,4000,1.63,5.99,0.05,0.47,3.71,0.02,0,0,0
Jake Kumerow,WR,BUF,1.66,2,4500,3000,0,0,0,0.65,9.36,0.07,0,0,0
Tavon Austin,WR,JAC,1.83,2.35,4900,3100,0,0,0,0.98,10.38,0.06,0,0,0
Luke Farrell,TE,JAC,1.74,2.21,4200,2500,0,0,0,0.92,9.39,0.06,0,0,0
Malik Turner,WR,DAL,1.66,2.03,4500,3000,0,0,0,0.72,9.58,0.06,0,0,0
Trevon Wesco,TE,NYJ,1.56,1.81,4100,2500,0.47,2.34,0.08,0.47,4.55,0.03,0,0,0
Darren Fells,TE,DET,1.64,2.03,4100,2500,0,0,0,0.77,8.37,0.07,0,0,0
Noah Brown,WR,DAL,1.6,1.96,4600,3000,0,0,0,0.71,9.02,0.06,0,0,0
Ke'Shawn Vaughn,RB,TB,1.53,1.82,4500,4000,1.25,4.45,0.04,0.55,4.25,0.03,0,0,0
Jody Fortson,TE,KC,1.65,2.05,4000,2500,0,0,0,0.79,7.32,0.09,0,0,0
Jaelon Darden,WR,TB,1.57,1.93,4600,3000,0,0,0,0.7,8.82,0.06,0,0,0
Kyle Rudolph,TE,NYG,1.59,1.99,4300,2500,0,0,0,0.8,8.26,0.06,0,0,0
Josh Palmer,WR,LAC,1.47,1.83,4700,,0,0,0,0.69,7.89,0.06,0,0,0
Harrison Bryant,TE,CLE,1.52,1.93,4200,2500,0,0,0,0.79,7.85,0.06,0,0,0
Ryan Griffin,TE,NYJ,1.57,2.01,4500,2500,0,0,0,0.87,8.5,0.05,0,0,0
Brandon Zylstra,WR,CAR,1.42,1.78,4600,3000,0,0,0,0.69,8.55,0.04,0,0,0
Collin Johnson,WR,NYG,1.4,1.76,4800,3000,0,0,0,0.69,8.38,0.04,0,0,0
Kendall Hinton,WR,DEN,1.3,1.54,4600,3300,0.56,3.04,0.02,0.46,4.82,0.03,0,0,0
David Sills V,WR,NYG,1.41,1.77,,,0,0,0,0.7,8.38,0.04,0,0,0
Rhamondre Stevenson,RB,NE,1.33,1.61,4800,4600,1.05,3.9,0.03,0.53,3.98,0.02,0,0,0
Mike Strachan,WR,IND,1.39,1.71,5000,3000,0,0,0,0.62,7.95,0.05,0,0,0
Michael Burton,RB,KC,1.32,1.61,4500,4000,0.81,2.94,0.03,0.56,4.09,0.03,0,0,0
Anthony Schwartz,WR,CLE,1.37,1.69,4700,3000,0,0,0,0.63,7.56,0.05,0,0,0
Jakob Johnson,RB,NE,1.39,1.79,4500,4000,0.52,1.96,0.01,0.79,5.76,0.03,0,0,0
Trey Sermon,RB,SF,1.27,1.52,5500,4700,1.01,3.72,0.03,0.47,3.83,0.02,0,0,0
Stephen Anderson,TE,LAC,1.3,1.6,4100,2500,0,0,0,0.6,6.4,0.06,0,0,0
Anthony McFarland Jr.,RB,PIT,1.24,1.51,4500,4000,0.97,3.48,0.02,0.53,4.03,0.02,0,0,0
Benny Snell Jr.,RB,PIT,1.23,1.5,4800,4000,0.97,3.51,0.02,0.53,3.9,0.02,0,0,0
C.J. Ham,RB,MIN,1.19,1.47,4500,4000,0.8,2.98,0.02,0.53,4.11,0.02,0,0,0
Ryan Nall,RB,CHI,1.23,1.5,4700,4000,0.86,3.06,0.02,0.53,4.34,0.02,0,0,0
Chris Evans,RB,CIN,1.17,1.44,4600,4000,0.57,2.07,0.02,0.51,4.31,0.03,0,0,0
Laquon Treadwell,WR,JAC,1.19,1.51,4500,3000,0,0,0,0.62,7.23,0.03,0,0,0
Marcedes Lewis,TE,GB,1.18,1.48,4500,2500,0,0,0,0.6,6.37,0.04,0,0,0
Tutu Atwell,WR,LA,1.13,1.37,4500,3000,0,0,0,0.46,6.23,0.05,0,0,0
Ray-Ray McCloud,WR,PIT,1.26,1.62,4800,,0,0,0,0.69,7.11,0.04,0,0,0
Chris Conley,WR,HOU,1.16,1.44,5000,3000,0,0,0,0.54,7.34,0.03,0,0,0
Reggie Gilliam,TE,BUF,1.15,1.39,4000,4000,0,0,0,0.48,5.45,0.06,0,0,0
Trayveon Williams,RB,CIN,1.16,1.42,4500,4000,0.57,2.1,0.02,0.51,4.1,0.03,0,0,0
Gabe Nabers,RB,LAC,1.16,1.44,4500,4000,0.53,1.95,0.02,0.54,4.1,0.03,0,0,0
Larry Rountree III,RB,LAC,1.16,1.44,5000,4400,0.53,1.94,0.02,0.54,4.15,0.03,0,0,0
Keith Smith,RB,ATL,1.09,1.37,4500,4000,0.68,2.49,0.02,0.53,3.57,0.02,0,0,0
Tajae Sharpe,WR,ATL,1.14,1.41,5000,3300,0,0,0,0.53,6.36,0.04,0,0,0
Albert Okwuegbunam,TE,DEN,1.18,1.52,4200,2500,0,0,0,0.65,5.77,0.05,0,0,0
Chris Manhertz,TE,JAC,1.12,1.41,4100,2500,0,0,0,0.57,5.99,0.04,0,0,0
Andy Janovich,RB,CLE,1.03,1.25,4500,4000,0.65,2.33,0.02,0.43,3.57,0.02,0,0,0
Alex Armah,RB,NO,1.07,1.31,4500,4000,0.66,2.26,0.02,0.47,3.85,0.02,0,0,0
Chris Herndon,TE,MIN,1.05,1.31,4400,2900,0,0,0,0.5,5.19,0.05,0,0,0
Noah Gray,TE,KC,1.11,1.37,4100,2500,0,0,0,0.53,4.83,0.06,0,0,0
Chris Moore,WR,HOU,1.09,1.38,5000,3000,0,0,0,0.56,6.45,0.03,0,0,0
Durham Smythe,TE,MIA,1.11,1.43,4700,2500,0,0,0,0.64,5.49,0.04,0,0,0
J.J. Arcega-Whiteside,WR,PHI,0.98,1.19,4500,3000,0,0,0,0.41,6.12,0.03,0,0,0
Marcus Kemp,WR,KC,1,1.25,4600,3000,0,0,0,0.48,5.43,0.04,0,0,0
Jason Cabinda,RB,DET,1.07,1.35,,4000,0.51,1.82,0.02,0.54,4,0.02,0,0,0
Elijhaa Penny,RB,NYG,1.05,1.32,5300,,0.48,1.75,0.01,0.55,4.15,0.02,0,0,0
Johnny Stanton,RB,CLE,1.01,1.24,,,0.65,2.33,0.02,0.44,3.39,0.02,0,0,0
Trenton Cannon,RB,SF,1.05,1.29,4600,4000,0.58,2.09,0.02,0.46,3.86,0.02,0,0,0
Drew Sample,TE,CIN,1.01,1.25,4100,2500,0,0,0,0.48,4.72,0.05,0,0,0
Derek Watt,RB,PIT,1.03,1.3,4500,4000,0.49,1.73,0.01,0.53,4.29,0.02,0,0,0
Darrell Daniels,TE,ARI,1.03,1.28,4100,2500,0,0,0,0.5,4.8,0.05,0,0,0
Dare Ogunbowale,RB,JAC,0.99,1.24,4700,4000,0.52,1.88,0.01,0.49,3.96,0.02,0,0,0
Trenton Irwin,WR,CIN,0.98,1.21,4500,3000,0,0,0,0.44,5.37,0.04,0,0,0
Tyron Johnson,WR,JAC,0.9,1.12,4600,3000,0,0,0,0.42,5.92,0.02,0,0,0
Colin Thompson,TE,CAR,0.97,1.22,4000,2500,0,0,0,0.49,4.86,0.04,0,0,0
Auden Tate,WR,CIN,0.94,1.15,4700,3000,0,0,0,0.41,5.14,0.04,0,0,0
Mike Thomas,WR,CIN,0.95,1.18,4600,3000,0,0,0,0.43,5.17,0.04,0,0,0
Jauan Jennings,WR,SF,0.91,1.12,4700,3000,0,0,0,0.41,5.43,0.03,0,0,0
Tommy Hudson,TE,TEN,0.92,1.15,4100,2500,0,0,0,0.46,4.49,0.04,0,0,0
Kylen Granson,TE,IND,0.91,1.14,4200,2500,0,0,0,0.45,4.46,0.04,0,0,0
Trinity Benson,WR,DET,0.93,1.16,4600,3000,0,0,0,0.46,5.21,0.03,0,0,0
Cameron Batson,WR,TEN,0.88,1.1,4500,3000,0,0,0,0.43,5.01,0.03,0,0,0
Nick Westbrook-Ikhine,WR,TEN,0.88,1.1,4900,3100,0,0,0,0.42,5.07,0.03,0,0,0
Rex Burkhead,RB,HOU,0.86,1.09,4500,4000,0.48,1.83,0.01,0.44,3.55,0.01,0,0,0
Greg Ward,WR,PHI,0.93,1.14,5000,3000,0,0,0,0.42,4.79,0.04,0,0,0
Gunner Olszewski,WR,NE,0.91,1.14,4500,3000,0,0,0,0.45,5.23,0.03,0,0,0
Zach Gentry,TE,PIT,0.91,1.16,4100,2500,0,0,0,0.5,4.75,0.03,0,0,0
Cody White,WR,PIT,0.92,1.16,4500,3000,0,0,0,0.45,5.36,0.03,0,0,0
Amari Rodgers,WR,GB,0.91,1.13,4500,3000,0,0,0,0.45,5,0.03,0,0,0
Lee Smith,TE,ATL,0.91,1.16,4200,2500,0,0,0,0.51,4.11,0.04,0,0,0
Adam Shaheen,TE,MIA,0.96,1.21,4500,2500,0,0,0,0.51,4.6,0.04,0,0,0
Christian Blake,WR,ATL,0.88,1.12,4800,3000,0,0,0,0.45,4.95,0.03,0,0,0
Colby Parkinson,TE,SEA,0.9,1.13,4100,2500,0,0,0,0.45,4.39,0.04,0,0,0
Josiah Deguara,TE,GB,0.86,1.1,4100,2500,0,0,0,0.48,4.43,0.03,0,0,0
Chester Rogers,WR,TEN,0.83,1.06,5000,3200,0,0,0,0.43,4.56,0.03,0,0,0
John Bates,TE,WSH,0.88,1.1,,2500,0,0,0,0.45,4.71,0.03,0,0,0
Eric Saubert,TE,DEN,0.86,1.1,4300,2500,0,0,0,0.49,4.34,0.03,0,0,0
Anthony Miller,WR,PIT,0.84,1.07,4600,3000,0,0,0,0.43,4.65,0.03,0,0,0
Jonathan Ward,RB,ARI,0.72,0.87,4500,4000,0.58,2.1,0.02,0.28,2.11,0.01,0,0,0
Penny Hart,WR,SEA,0.79,1.01,4900,3000,0,0,0,0.42,4.84,0.02,0,0,0
Eno Benjamin,RB,ARI,0.72,0.87,4500,4000,0.58,2.1,0.02,0.28,2.11,0.01,0,0,0
Tyler Kroft,TE,NYJ,0.85,1.08,4400,2500,0,0,0,0.46,4.36,0.03,0,0,0
Albert Wilson,WR,MIA,0.79,1.02,4700,3000,0,0,0,0.46,4.4,0.02,0,0,0
Mike Boone,RB,DEN,0.75,0.91,4500,4000,0.56,2.07,0.02,0.31,2.09,0.01,0,0,0
Braxton Berrios,WR,NYJ,0.79,1.01,4700,3000,0,0,0,0.43,4.55,0.02,0,0,0
Jesper Horsted,TE,CHI,0.78,0.98,4300,2500,0,0,0,0.4,3.98,0.03,0,0,0
Jesse James,TE,CHI,0.77,0.96,4400,2500,0,0,0,0.38,4,0.03,0,0,0
Antony Auclair,TE,HOU,0.79,1,4100,2500,0,0,0,0.41,4.08,0.03,0,0,0
Jimmy Graham,TE,CHI,0.72,0.9,4200,2500,0,0,0,0.36,3.61,0.03,0,0,0
Jakeem Grant,WR,CHI,0.69,0.88,4500,,0,0,0,0.36,4.07,0.02,0,0,0
Diontae Spencer,WR,DEN,0.52,0.67,4500,3000,0,0,0,0.27,2.87,0.02,0,0,0
Jordan Wilkins,RB,IND,0,0,4700,4000,0,0,0,0,0,0,0,0,0
Justin Watson,WR,TB,0,0,4500,3000,0,0,0,0,0,0,0,0,0
Joshua Dobbs,QB,PIT,0,0,6000,,0,0,0,0,0,0,0,0,0
Nick Mullens,QB,PHI,0,0,6000,,0,0,0,0,0,0,0,0,0
Jeff Wilson,RB,SF,0,0,5000,4000,0,0,0,0,0,0,0,0,0
Kyle Allen,QB,WSH,0,0,6000,4400,0,0,0,0,0,0,0,0,0
Andy Isabella,WR,ARI,0,0,4500,3000,0,0,0,0,0,0,0,0,0
David Montgomery,RB,CHI,0,0,6500,4800,0,0,0,0,0,0,0,0,0
Miles Sanders,RB,PHI,0,0,6400,5100,0,0,0,0,0,0,0,0,0
Dwayne Haskins,QB,PIT,0,0,6000,4700,0,0,0,0,0,0,0,0,0
Drew Lock,QB,DEN,0,0,6100,4800,0,0,0,0,0,0,0,0,0
Jalen Hurd,WR,SF,0,0,4500,3000,0,0,0,0,0,0,0,0,0
Damarea Crockett,RB,DEN,0,0,4500,4000,0,0,0,0,0,0,0,0,0
Gardner Minshew,QB,PHI,0,0,6000,4000,0,0,0,0,0,0,0,0,0
Dawson Knox,TE,BUF,0,0,5900,4800,0,0,0,0,0,0,0,0,0
J.P. Holtz,TE,CHI,0,0,4000,2500,0,0,0,0,0,0,0,0,0
Cullen Gillaspia,RB,NYG,0,0,4500,4000,0,0,0,0,0,0,0,0,0
Mason Rudolph,QB,PIT,0,0,6100,4100,0,0,0,0,0,0,0,0,0
Jarrett Stidham,QB,NE,0,0,6000,4000,0,0,0,0,0,0,0,0,0
Andrew Beck,RB,DEN,0,0,4000,2500,0,0,0,0,0,0,0,0,0
Bisi Johnson,WR,MIN,0,0,4500,3000,0,0,0,0,0,0,0,0,0
Scotty Miller,WR,TB,0,0,4700,3000,0,0,0,0,0,0,0,0,0
Lil'Jordan Humphrey,WR,NO,0,0,4800,3000,0,0,0,0,0,0,0,0,0
Stanley Morgan Jr.,WR,CIN,0,0,4500,,0,0,0,0,0,0,0,0,0
Tim Boyle,QB,DET,0,0,6000,4000,0,0,0,0,0,0,0,0,0
Brandon Allen,QB,CIN,0,0,6100,4300,0,0,0,0,0,0,0,0,0
Devine Ozigbo,RB,NO,0,0,4800,4000,0,0,0,0,0,0,0,0,0
Kaden Smith,TE,NYG,0,0,4200,2500,0,0,0,0,0,0,0,0,0
Jace Sternberger,TE,WSH,0,0,4000,2500,0,0,0,0,0,0,0,0,0
Khari Blasingame,RB,TEN,0,0,4500,4000,0,0,0,0,0,0,0,0,0
David Blough,QB,DET,0,0,6000,4400,0,0,0,0,0,0,0,0,0
Ryan Griffin,QB,TB,0,0,6000,4000,0,0,0,0,0,0,0,0,0
Jeff Smith,WR,NYJ,0,0,4500,3000,0,0,0,0,0,0,0,0,0
Will Grier,QB,DAL,0,0,6000,4000,0,0,0,0,0,0,0,0,0
Clyde Edwards-Helaire,RB,KC,0,0,5500,5200,0,0,0,0,0,0,0,0,0
Antonio Gandy-Golden,WR,WSH,0,0,4500,3000,0,0,0,0,0,0,0,0,0
Devin Asiasi,TE,NE,0,0,4100,2500,0,0,0,0,0,0,0,0,0
La'Mical Perine,RB,NYJ,0,0,4800,4000,0,0,0,0,0,0,0,0,0
Chris Streveler,QB,ARI,0,0,6000,4000,0,0,0,0,0,0,0,0,0
Malik Taylor,WR,GB,0,0,4500,3000,0,0,0,0,0,0,0,0,0
Brett Rypien,QB,DEN,0,0,6000,4000,0,0,0,0,0,0,0,0,0
K.J. Hill,WR,LAC,0,0,4500,,0,0,0,0,0,0,0,0,0
Artavis Pierce,RB,CHI,0,0,4500,4000,0,0,0,0,0,0,0,0,0
Easton Stick,QB,LAC,0,0,6000,4000,0,0,0,0,0,0,0,0,0
P.J. Walker,QB,CAR,0,0,6200,4000,0,0,0,0,0,0,0,0,0
Malcolm Perry,WR,NE,0,0,4500,4000,0,0,0,0,0,0,0,0,0
Terry Godwin,WR,JAC,0,0,4500,3000,0,0,0,0,0,0,0,0,0
Logan Woodside,QB,TEN,0,0,6000,4000,0,0,0,0,0,0,0,0,0
Scottie Phillips,RB,HOU,0,0,4500,4000,0,0,0,0,0,0,0,0,0
Hunter Bryant,TE,DET,0,0,4000,2500,0,0,0,0,0,0,0,0,0
Dominique Dafney,TE,GB,0,0,4000,2500,0,0,0,0,0,0,0,0,0
Ihmir Smith-Marsette,WR,MIN,0,0,4500,3000,0,0,0,0,0,0,0,0,0
Ben Skowronek,WR,LA,0,0,4500,3000,0,0,0,0,0,0,0,0,0
Feleipe Franks,QB,ATL,0,0,6000,4000,0,0,0,0,0,0,0,0,0
Hunter Long,TE,MIA,0,0,,2500,0,0,0,0,0,0,0,0,0
Mason Kinsey,WR,TEN,0,0,,3000,0,0,0,0,0,0,0,0,0
Brock Wright,TE,DET,0,0,,2500,0,0,0,0,0,0,0,0,0
Spencer Brown,RB,CAR,0,0,,4000,0,0,0,0,0,0,0,0,0
Racey McMath,WR,TEN,0,0,4500,3000,0,0,0,0,0,0,0,0,0
Parker Hesse,TE,ATL,0,0,4000,2500,0,0,0,0,0,0,0,0,0
Giovanni Ricci,RB,CAR,0,0,4000,4000,0,0,0,0,0,0,0,0,0
Jack Stoll,TE,PHI,0,0,4000,2500,0,0,0,0,0,0,0,0,0
Davis Mills,QB,HOU,0,0,6300,4800,0,0,0,0,0,0,0,0,0
Gary Brightwell,RB,NYG,0,0,4700,4000,0,0,0,0,0,0,0,0,0
Mekhi Sargent,RB,TEN,0,0,4500,,0,0,0,0,0,0,0,0,0
Jacob Eason,QB,SEA,0,0,6100,4000,0,0,0,0,0,0,0,0,0
D'Wayne Eskridge,WR,SEA,0,0,4600,,0,0,0,0,0,0,0,0,0
Dyami Brown,WR,WSH,0,0,4700,3300,0,0,0,0,0,0,0,0,0
Jordan Love,QB,GB,0,0,6000,4100,0,0,0,0,0,0,0,0,0
Zach Wilson,QB,NYJ,0,0,6300,5000,0,0,0,0,0,0,0,0,0
Sean McKeon,TE,DAL,0,0,4000,2500,0,0,0,0,0,0,0,0,0
Tony Jones Jr.,RB,NO,0,0,5400,4000,0,0,0,0,0,0,0,0,0
John Wolford,QB,LA,0,0,6100,4100,0,0,0,0,0,0,0,0,0
Joe Flacco,QB,NYJ,0,0,6100,,0,0,0,0,0,0,0,0,0
Chad Henne,QB,KC,0,0,6500,4000,0,0,0,0,0,0,0,0,0
Ryan Fitzpatrick,QB,WSH,0,0,6100,4400,0,0,0,0,0,0,0,0,0
Brian Hoyer,QB,NE,0,0,6000,4000,0,0,0,0,0,0,0,0,0
Matt Slater,WR,NE,0,0,4500,3000,0,0,0,0,0,0,0,0,0
Colt McCoy,QB,ARI,0,0,6000,4000,0,0,0,0,0,0,0,0,0
Rob Gronkowski,TE,TB,0,0,6500,4600,0,0,0,0,0,0,0,0,0
Chase Daniel,QB,LAC,0,0,6100,4100,0,0,0,0,0,0,0,0,0
Blaine Gabbert,QB,TB,0,0,6000,4000,0,0,0,0,0,0,0,0,0
Andy Dalton,QB,CHI,0,0,6200,4900,0,0,0,0,0,0,0,0,0
Taiwan Jones,RB,BUF,0,0,4500,4000,0,0,0,0,0,0,0,0,0
Russell Wilson,QB,SEA,0,0,7000,6700,0,0,0,0,0,0,0,0,0
Nick Foles,QB,CHI,0,0,6100,4800,0,0,0,0,0,0,0,0,0
Lamar Miller,RB,NO,0,0,5300,4000,0,0,0,0,0,0,0,0,0
Nick Bellore,RB,SEA,0,0,4500,4000,0,0,0,0,0,0,0,0,0
Mike Glennon,QB,NYG,0,0,6100,4500,0,0,0,0,0,0,0,0,0
Demetrius Harris,TE,ARI,0,0,4100,2500,0,0,0,0,0,0,0,0,0
Logan Thomas,TE,WSH,0,0,5000,3900,0,0,0,0,0,0,0,0,0
Breshad Perriman,WR,CHI,0,0,4500,3000,0,0,0,0,0,0,0,0,0
James O'Shaughnessy,TE,JAC,0,0,4200,2500,0,0,0,0,0,0,0,0,0
Blake Bell,TE,KC,0,0,4200,2500,0,0,0,0,0,0,0,0,0
Tyrell Williams,WR,DET,0,0,5000,4000,0,0,0,0,0,0,0,0,0
Sean Mannion,QB,MIN,0,0,6000,4300,0,0,0,0,0,0,0,0,0
Daniel Brown,TE,NYJ,0,0,4000,2500,0,0,0,0,0,0,0,0,0
Malcolm Brown,RB,MIA,0,0,5000,4000,0,0,0,0,0,0,0,0,0
Will Fuller,WR,MIA,0,0,5000,3700,0,0,0,0,0,0,0,0,0
Michael Thomas,WR,NO,0,0,6500,6000,0,0,0,0,0,0,0,0,0
Jacoby Brissett,QB,MIA,0,0,6100,4200,0,0,0,0,0,0,0,0,0
Nick Vannett,TE,NO,0,0,4000,2500,0,0,0,0,0,0,0,0,0
Brett Hundley,QB,IND,0,0,6100,4100,0,0,0,0,0,0,0,0,0
Christian McCaffrey,RB,CAR,0,0,10000,8400,0,0,0,0,0,0,0,0,0
Mitchell Trubisky,QB,BUF,0,0,6100,4100,0,0,0,0,0,0,0,0,0
Deshaun Watson,QB,HOU,0,0,6000,4000,0,0,0,0,0,0,0,0,0
Kareem Hunt,RB,CLE,0,0,6000,5800,0,0,0,0,0,0,0,0,0
Curtis Samuel,WR,WSH,0,0,5300,4000,0,0,0,0,0,0,0,0,0
Matt Breida,RB,BUF,0,0,4600,4000,0,0,0,0,0,0,0,0,0
Tarik Cohen,RB,CHI,0,0,4600,4000,0,0,0,0,0,0,0,0,0
George Kittle,TE,SF,0,0,6000,5100,0,0,0,0,0,0,0,0,0
Chris Carson,RB,SEA,0,0,6000,5500,0,0,0,0,0,0,0,0,0
Ryan Switzer,WR,CLE,0,0,4500,3000,0,0,0,0,0,0,0,0,0
Corey Clement,RB,DAL,0,0,4600,4000,0,0,0,0,0,0,0,0,0
Cethan Carter,TE,MIA,0,0,4100,2500,0,0,0,0,0,0,0,0,0
C.J. Beathard,QB,JAC,0,0,6000,4000,0,0,0,0,0,0,0,0,0
Cooper Rush,QB,DAL,0,0,6000,4000,0,0,0,0,0,0,0,0,0
Jeremy Sprinkle,TE,DAL,0,0,4100,2500,0,0,0,0,0,0,0,0,0
Garrett Griffin,TE,NO,0,0,4000,2500,0,0,0,0,0,0,0,0,0
Josh Rosen,QB,ATL,0,0,6000,4000,0,0,0,0,0,0,0,0,0
Cincinnati D/ST,DST,CIN,8.83,8.83,4900,3600,,,,,,,,,
Los Angeles Rams D/ST,DST,LA,8.58,8.58,5000,5100,,,,,,,,,
Buffalo D/ST,DST,BUF,7.89,7.89,4700,3300,,,,,,,,,
Tampa Bay D/ST,DST,TB,7.55,7.55,4200,4200,,,,,,,,,
Cleveland D/ST,DST,CLE,7.5,7.5,4000,3000,,,,,,,,,
Kansas City D/ST,DST,KC,7.6,7.6,3900,2900,,,,,,,,,
Denver D/ST,DST,DEN,7.34,7.34,4100,3400,,,,,,,,,
Atlanta D/ST,DST,ATL,7.23,7.23,4000,2900,,,,,,,,,
Seattle D/ST,DST,SEA,7.08,7.08,4300,2800,,,,,,,,,
Philadelphia D/ST,DST,PHI,6.89,6.89,4100,2700,,,,,,,,,
Chicago D/ST,DST,CHI,6.6,6.6,3700,2700,,,,,,,,,
Los Angeles Chargers D/ST,DST,LAC,6.47,6.47,3900,3200,,,,,,,,,
Jacksonville D/ST,DST,JAC,6.43,6.43,3500,2400,,,,,,,,,
Washington D/ST,DST,WSH,6.21,6.21,3400,2100,,,,,,,,,
Pittsburgh D/ST,DST,PIT,6.19,6.19,4800,4300,,,,,,,,,
Tennessee D/ST,DST,TEN,6.02,6.02,3900,2600,,,,,,,,,
Detroit D/ST,DST,DET,5.9,5.9,3200,2300,,,,,,,,,
Indianapolis D/ST,DST,IND,5.79,5.79,3800,2600,,,,,,,,,
Arizona D/ST,DST,ARI,5.77,5.77,4000,3100,,,,,,,,,
Carolina D/ST,DST,CAR,5.38,5.38,4400,3100,,,,,,,,,
Dallas D/ST,DST,DAL,5.23,5.23,4500,3100,,,,,,,,,
Green Bay D/ST,DST,GB,5.17,5.17,3400,2800,,,,,,,,,
New England D/ST,DST,NE,5.1,5.1,3800,2800,,,,,,,,,
Minnesota D/ST,DST,MIN,4.57,4.57,3300,2700,,,,,,,,,
New Orleans D/ST,DST,NO,4.47,4.47,3600,2500,,,,,,,,,
New York Jets D/ST,DST,NYJ,4.27,4.27,3000,2200,,,,,,,,,
Miami D/ST,DST,MIA,3.93,3.93,3100,2500,,,,,,,,,
New York Giants D/ST,DST,NYG,3.71,3.71,3200,2600,,,,,,,,,
Houston D/ST,DST,HOU,2.93,2.93,3300,2000,,,,,,,,,
